customer_id,name,email,phone,city,address,created_at,staircase_type,material,budget_pln,validation_flags
WS-0001,Katarzyna Wójcik,katarzyna.wojcik1@example.test,+48512007919,Katowice,ul. Słoneczna 15/18,2022-08-12,Schody Zabiegowe,Buk,19739,
WS-0002,Tomasz Zielińska,tomasz.zielinska2@example.test,+48512015838,Rzeszów,ul. Zaciszna 28/35,2023-03-23,Schody Dwubiegowe,Jesion + Szkło,21478,
WS-0003,Agnieszka Dąbrowska,agnieszka.dabrowska3@example.test,+48512023757,Bydgoszcz,ul. Leśna 41/52,2024-10-07,Schody Spiralne,Dąb,23217,
WS-0004,Andrzej Mazur,andrzej.mazur4@example.test,+48512031676,Gdańsk,ul. Ogrodowa 54/17,2025-05-18,Schody Na Policzkach,Buk,24956,
WS-0005,Aleksandra Grabowska,aleksandra.grabowska5@example.test,+48512039595,Białystok,ul. Jesionowa 67/34,2021-12-02,Schody Dywanowe,Jesion + Szkło,26695,
WS-0006,Michał Król,michal.krol6@example.test,+48512047514,Opole,ul. Brzozowa 80/51,2022-07-13,Schody Proste,Dąb,28434,
WS-0007,Ewa Zając,ewa.zajac7@example.test,+48512055433,Poznań,ul. Wiosenna 5/16,2023-02-24,Schody Zabiegowe,Buk,30173,
WS-0008,Adam Sikora,adam.sikora8@example.test,+48512063352,Szczecin,ul. Akacjowa 18/33,2024-09-08,Schody Dwubiegowe,Jesion + Szkło,31912,
WS-0009,Natalia Wiśniewski,natalia.wisniewski9@example.test,+48512071271,Kielce,ul. Sosnowa 31/50,2025-04-19,Schody Spiralne,Dąb,33651,
WS-0010,Jakub Lewandowski,jakub.lewandowski10@example.test,+48512079190,Wrocław,ul. Kwiatowa 44/15,2021-11-03,Schody Na Policzkach,Buk,35390,
WS-0011,Karolina Woźniak,karolina.wozniak11@example.test,+48512087109,Lublin,ul. Nad Rzeką 57/32,2022-06-14,Schody Dywanowe,Jesion + Szkło,37129,
WS-0012,Kamil Jankowska,kamil.jankowska12@example.test,+48512095028,Olsztyn,ul. Klonowa 70/49,2023-01-25,Schody Proste,Dąb,38868,
WS-0013,Julia Piotrowski,julia.piotrowski13@example.test,+48512102947,Kraków,ul. Spacerowa 83/14,2024-08-09,Schody Zabiegowe,Buk,40607,
WS-0014,Damian Michalski,damian.michalski14@example.test,+48512110866,Łódź,ul. Kamienna 8/31,2025-03-20,Schody Dwubiegowe,Jesion + Szkło,42346,
WS-0015,Oliwia Jabłońska,oliwia.jablonska15@example.test,+48512118785,Toruń,ul. Lipowa 21/48,2021-10-04,Schody Spiralne,Dąb,44085,
WS-0016,Rafał Maciejewska,rafal.maciejewska16@example.test,+48512126704,Warszawa,ul. Modrzewiowa 34/13,2022-05-15,Schody Na Policzkach,Buk,45824,
WS-0017,Beata Nowak,beata.nowak17@example.test,+48512134623,Katowice,ul. Jasna 47/30,2023-12-26,Schody Dywanowe,Jesion + Szkło,47563,
WS-0018,Wojciech Kamińska,wojciech.kaminska18@example.test,+48512142542,Rzeszów,ul. Polna 60/47,2024-07-10,Schody Proste,Dąb,49302,
WS-0019,Elżbieta Szymański,elzbieta.szymanski19@example.test,+48512150461,Bydgoszcz,ul. Parkowa 73/12,2025-02-21,Schody Zabiegowe,Buk,51041,
WS-0020,Jan Kozłowski,jan.kozlowski20@example.test,+48512158380,Gdańsk,ul. Dębowa 86/29,2021-09-05,Schody Dwubiegowe,Jesion + Szkło,52780,
WS-0021,Katarzyna Krawczyk,katarzyna.krawczyk21@example.test,+48512166299,Białystok,ul. Słoneczna 11/46,2022-04-16,Schody Spiralne,Dąb,54519,
WS-0022,Tomasz Pawlak,tomasz.pawlak22@example.test,+48512174218,Opole,ul. Zaciszna 24/11,2023-11-27,Schody Na Policzkach,Buk,56258,
WS-0023,Agnieszka Wieczorek,agnieszka.wieczorek23@example.test,+48512182137,Poznań,ul. Leśna 37/28,2024-06-11,Schody Dywanowe,Jesion + Szkło,57997,
WS-0024,Andrzej Kubiak,andrzej.kubiak24@example.test,+48512190056,Szczecin,ul. Ogrodowa 50/45,2025-01-22,Schody Proste,Dąb,59736,
WS-0025,Aleksandra Kowalski,aleksandra.kowalski25@example.test,+48512197975,Kielce,ul. Jesionowa 63/10,2021-08-06,Schody Zabiegowe,Buk,61475,
WS-0026,Michał Wójcik,michal.wojcik26@example.test,+48512205894,Wrocław,ul. Brzozowa 76/27,2022-03-17,Schody Dwubiegowe,Jesion + Szkło,63214,
WS-0027,Ewa Zielińska,ewa.zielinska27@example.test,+48512213813,Lublin,ul. Wiosenna 89/44,2023-10-01,Schody Spiralne,Dąb,64953,
WS-0028,Adam Dąbrowska,adam.dabrowska28@example.test,+48512221732,Olsztyn,ul. Akacjowa 14/9,2024-05-12,Schody Na Policzkach,Buk,66692,
WS-0029,Natalia Mazur,natalia.mazur29@example.test,,Kraków,ul. Sosnowa 27/26,2025-12-23,Schody Dywanowe,Jesion + Szkło,68431,missing_phone
WS-0030,Jakub Grabowska,jakub.grabowska30@example.test,+48512237570,Łódź,ul. Kwiatowa 40/43,2021-07-07,Schody Proste,Dąb,70170,
WS-0031,Karolina Król,,+48512245489,Toruń,ul. Nad Rzeką 53/8,2022-02-18,Schody Zabiegowe,Buk,71909,missing_email
WS-0032,Kamil Zając,kamil.zajac32@example.test,+48512253408,Warszawa,ul. Klonowa 66/25,2023-09-02,Schody Dwubiegowe,Jesion + Szkło,73648,
WS-0033,Julia Sikora,julia.sikora33@example.test,+48512261327,Katowice,ul. Spacerowa 79/42,2024-04-13,Schody Spiralne,Dąb,75387,
WS-0034,Damian Wiśniewski,damian.wisniewski34@example.test,+48512269246,Rzeszów,ul. Kamienna 4/7,2025-11-24,Schody Na Policzkach,Buk,77126,
WS-0035,Oliwia Lewandowski,oliwia.lewandowski35@example.test,+48512277165,Bydgoszcz,ul. Lipowa 17/24,2021-06-08,Schody Dywanowe,Jesion + Szkło,78865,
WS-0036,Rafał Woźniak,rafal.wozniak36@example.test,+48512285084,Gdańsk,ul. Modrzewiowa 30/41,2022-01-19,Schody Proste,Dąb,80604,
WS-0037,Beata Jankowska,beata.jankowska37@example.test,+48512293003,Białystok,ul. Jasna 43/6,2023-08-03,Schody Zabiegowe,Buk,82343,
WS-0038,Wojciech Piotrowski,wojciech.piotrowski38@example.test,+48512300922,Opole,ul. Polna 56/23,2024-03-14,Schody Dwubiegowe,Jesion + Szkło,84082,
WS-0039,Elżbieta Michalski,elzbieta.michalski39@example.test,+48512308841,Poznań,ul. Parkowa 69/40,2025-10-25,Schody Spiralne,Dąb,85821,
WS-0040,Jan Jabłońska,jan.jablonska40@example.test,+48512316760,Szczecin,ul. Dębowa 82/5,2021-05-09,Schody Na Policzkach,Buk,87560,
WS-0041,Katarzyna Maciejewska,katarzyna.maciejewska41@example.test,+48512324679,Kielce,ul. Słoneczna 7 M. 22,2022-12-20,Schody Dywanowe,Jesion + Szkło,89299,
WS-0042,Tomasz Nowak,tomasz.nowak42@example.test,+48512332598,Wrocław,ul. Zaciszna 20/39,2023-07-04,Schody Proste,Dąb,91038,
WS-0043,Agnieszka Kamińska,agnieszka.kaminska43@example.test,+48512340517,Lublin,ul. Leśna 33/4,2024-02-15,Schody Zabiegowe,Buk,92777,
WS-0044,Andrzej Szymański,andrzej.szymanski44@example.test,+48512348436,Olsztyn,ul. Ogrodowa 46/21,2025-09-26,Schody Dwubiegowe,Jesion + Szkło,94516,
WS-0045,Aleksandra Kozłowski,aleksandra.kozlowski45@example.test,+48512356355,Kraków,ul. Jesionowa 59/38,2021-04-10,Schody Spiralne,Dąb,96255,
WS-0046,Michał Krawczyk,michal.krawczyk46@example.test,+48512364274,Łódź,ul. Brzozowa 72/3,2022-11-21,Schody Na Policzkach,Buk,97994,
WS-0047,Ewa Pawlak,ewa.pawlak47@example.test,+48512372193,Toruń,ul. Wiosenna 85/20,2023-06-05,Schody Dywanowe,Jesion + Szkło,99 733 PLN,
WS-0048,Adam Wieczorek,adam.wieczorek48@example.test,+48512380112,Warszawa,ul. Akacjowa 10/37,2024-01-16,Schody Proste,Dąb,101472,
WS-0049,Natalia Kubiak,natalia.kubiak49@example.test,+48512388031,Katowice,ul. Sosnowa 23/2,2025-08-27,Schody Zabiegowe,Buk,103211,
WS-0050,Jakub Kowalski,jakub.kowalski50@example.test,+48512395950,Rzeszów,ul. Kwiatowa 36/19,2021-03-11,Schody Dwubiegowe,Jesion + Szkło,104950,
WS-0051,Karolina Wójcik,karolina.wojcik51@example.test,+48512403869,Bydgoszcz,ul. Nad Rzeką 49/36,2022-10-22,Schody Spiralne,Dąb,106689,
WS-0052,Kamil Zielińska,kamil.zielinska52@example.test,+48512411788,Gdańsk,ul. Klonowa 62/1,2023-05-06,Schody Na Policzkach,Buk,108428,
WS-0053,Julia Dąbrowska,julia.dabrowska53@example.test,+48512419707,Białystok,ul. Spacerowa 75/18,2024-12-17,Schody Dywanowe,Jesion + Szkło,110167,
WS-0054,Damian Mazur,damian.mazur54@example.test,+48512427626,Opole,ul. Kamienna 88/35,2025-07-01,Schody Proste,Dąb,111906,
WS-0055,Oliwia Grabowska,oliwia.grabowska55@example.test,+48512435545,Poznań,ul. Lipowa 13/52,2021-02-12,Schody Zabiegowe,Buk,113645,
WS-0056,Rafał Król,rafal.krol56@example.test,+48512443464,Szczecin,ul. Modrzewiowa 26/17,2022-09-23,Schody Dwubiegowe,Jesion + Szkło,18384,
WS-0057,Beata Zając,beata.zajac57@example.test,+48512451383,Kielce,ul. Jasna 39/34,2023-04-07,Schody Spiralne,Dąb,20123,
WS-0058,Wojciech Sikora,wojciech.sikora58@example.test,,Wrocław,ul. Polna 52/51,2024-11-18,Schody Na Policzkach,Buk,21862,missing_phone
WS-0059,Elżbieta Wiśniewski,elzbieta.wisniewski59@example.test,+48512467221,Lublin,ul. Parkowa 65/16,2025-06-02,Schody Dywanowe,Jesion + Szkło,23601,
WS-0060,Jan Lewandowski,jan.lewandowski60@example.test,+48512475140,Olsztyn,ul. Dębowa 78/33,2021-01-13,Schody Proste,Dąb,25340,
WS-0061,Katarzyna Woźniak,katarzyna.wozniak61@example.test,+48512483059,Kraków,ul. Słoneczna 3/50,2022-08-24,Schody Zabiegowe,Buk,27079,
WS-0062,Tomasz Jankowska,,+48512490978,Łódź,ul. Zaciszna 16/15,2023-03-08,Schody Dwubiegowe,Jesion + Szkło,28818,missing_email
WS-0063,Agnieszka Piotrowski,agnieszka.piotrowski63@example.test,+48512498897,Toruń,ul. Leśna 29/32,2024-10-19,Schody Spiralne,Dąb,30557,
WS-0064,Andrzej Michalski,andrzej.michalski64@example.test,+48512506816,Warszawa,ul. Ogrodowa 42/49,2025-05-03,Schody Na Policzkach,Buk,32296,
WS-0065,Aleksandra Jabłońska,aleksandra.jablonska65@example.test,+48512514735,Katowice,ul. Jesionowa 55/14,2021-12-14,Schody Dywanowe,Jesion + Szkło,34035,
WS-0066,Michał Maciejewska,michal.maciejewska66@example.test,+48512522654,Rzeszów,ul. Brzozowa 68/31,2022-07-25,Schody Proste,Dąb,35774,
WS-0067,Ewa Nowak,ewa.nowak67@example.test,+48512530573,Bydgoszcz,ul. Wiosenna 81/48,2023-02-09,Schody Zabiegowe,Buk,37513,
WS-0068,Adam Kamińska,adam.kaminska68@example.test,+48512538492,Gdańsk,ul. Akacjowa 6/13,2024-09-20,Schody Dwubiegowe,Jesion + Szkło,39252,
WS-0069,Natalia Szymański,natalia.szymanski69@example.test,+48512546411,Białystok,ul. Sosnowa 19/30,2025-04-04,Schody Spiralne,Dąb,40991,
WS-0070,Jakub Kozłowski,jakub.kozlowski70@example.test,+48512554330,Opole,ul. Kwiatowa 32/47,2021-11-15,Schody Na Policzkach,Buk,42730,
WS-0071,Karolina Krawczyk,karolina.krawczyk71@example.test,+48512562249,Poznań,ul. Nad Rzeką 45/12,2022-06-26,Schody Dywanowe,Jesion + Szkło,44469,
WS-0072,Kamil Pawlak,kamil.pawlak72@example.test,+48512570168,Szczecin,ul. Klonowa 58/29,2023-01-10,Schody Proste,Dąb,46208,
WS-0073,Julia Wieczorek,julia.wieczorek73@example.test,+48512578087,Kielce,ul. Spacerowa 71/46,2024-08-21,Schody Zabiegowe,Buk,47947,
WS-0074,Damian Kubiak,damian.kubiak74@example.test,+48512586006,Wrocław,ul. Kamienna 84/11,2025-03-05,Schody Dwubiegowe,Jesion + Szkło,49686,
WS-0075,Oliwia Kowalski,oliwia.kowalski75@example.test,+48512593925,Lublin,ul. Lipowa 9/28,2021-10-16,Schody Spiralne,Dąb,51425,
WS-0076,Rafał Wójcik,rafal.wojcik76@example.test,+48512601844,Olsztyn,ul. Modrzewiowa 22/45,2022-05-27,Schody Na Policzkach,Buk,53164,
WS-0077,Beata Zielińska,beata.zielinska77@example.test,+48512609763,Kraków,ul. Jasna 35/10,2023-12-11,Schody Dywanowe,Jesion + Szkło,54903,
WS-0078,Wojciech Dąbrowska,wojciech.dabrowska78@example.test,+48512617682,Łódź,ul. Polna 48/27,2024-07-22,Schody Proste,Dąb,56642,
WS-0079,Elżbieta Mazur,elzbieta.mazur79@example.test,+48512625601,Toruń,ul. Parkowa 61/44,2025-02-06,Schody Zabiegowe,Buk,58381,
WS-0080,Jan Grabowska,jan.grabowska80@example.test,+48512633520,Warszawa,ul. Dębowa 74/9,2021-09-17,Schody Dwubiegowe,Jesion + Szkło,60120,
WS-0081,Katarzyna Król,katarzyna.krol81@example.test,+48512641439,Katowice,ul. Słoneczna 87/26,2022-04-01,Schody Spiralne,Dąb,61859,
WS-0082,Tomasz Zając,tomasz.zajac82@example.test,+48512649358,Rzeszów,ul. Zaciszna 12 M. 43,2023-11-12,Schody Na Policzkach,Buk,63598,
WS-0083,Agnieszka Sikora,agnieszka.sikora83@example.test,+48512657277,Bydgoszcz,ul. Leśna 25/8,2024-06-23,Schody Dywanowe,Jesion + Szkło,65337,
WS-0084,Andrzej Wiśniewski,andrzej.wisniewski84@example.test,+48512665196,Gdańsk,ul. Ogrodowa 38/25,2025-01-07,Schody Proste,Dąb,67076,
WS-0085,Aleksandra Lewandowski,aleksandra.lewandowski85@example.test,+48512673115,Białystok,ul. Jesionowa 51/42,2021-08-18,Schody Zabiegowe,Buk,68815,
WS-0086,Michał Woźniak,michal.wozniak86@example.test,+48512681034,Opole,ul. Brzozowa 64/7,2022-03-02,Schody Dwubiegowe,Jesion + Szkło,70554,
WS-0087,Ewa Jankowska,ewa.jankowska87@example.test,,Poznań,ul. Wiosenna 77/24,2023-10-13,Schody Spiralne,Dąb,72293,missing_phone
WS-0088,Adam Piotrowski,adam.piotrowski88@example.test,+48512696872,Szczecin,ul. Akacjowa 2/41,2024-05-24,Schody Na Policzkach,Buk,74032,
WS-0089,Natalia Michalski,natalia.michalski89@example.test,+48512704791,Kielce,ul. Sosnowa 15/6,2025-12-08,Schody Dywanowe,Jesion + Szkło,75771,
WS-0090,Jakub Jabłońska,jakub.jablonska90@example.test,+48512712710,Wrocław,ul. Kwiatowa 28/23,2021-07-19,Schody Proste,Dąb,77510,
WS-0091,Karolina Maciejewska,karolina.maciejewska91@example.test,+48512720629,Lublin,ul. Nad Rzeką 41/40,2022-02-03,Schody Zabiegowe,Buk,79249,
WS-0092,Kamil Nowak,kamil.nowak92@example.test,+48512728548,Olsztyn,ul. Klonowa 54/5,2023-09-14,Schody Dwubiegowe,Jesion + Szkło,80988,
WS-0093,Julia Kamińska,,+48512736467,Kraków,ul. Spacerowa 67/22,2024-04-25,Schody Spiralne,Dąb,82727,missing_email
WS-0094,Damian Szymański,damian.szymanski94@example.test,+48512744386,Łódź,ul. Kamienna 80/39,2025-11-09,Schody Na Policzkach,Buk,84 466 PLN,
WS-0095,Oliwia Kozłowski,oliwia.kozlowski95@example.test,+48512752305,Toruń,ul. Lipowa 5/4,2021-06-20,Schody Dywanowe,Jesion + Szkło,86205,
WS-0096,Rafał Krawczyk,rafal.krawczyk96@example.test,+48512760224,Warszawa,ul. Modrzewiowa 18/21,2022-01-04,Schody Proste,Dąb,87944,
WS-0097,Beata Pawlak,beata.pawlak97@example.test,+48512768143,Katowice,ul. Jasna 31/38,2023-08-15,Schody Zabiegowe,Buk,89683,
WS-0098,Wojciech Wieczorek,wojciech.wieczorek98@example.test,+48512776062,Rzeszów,ul. Polna 44/3,2024-03-26,Schody Dwubiegowe,Jesion + Szkło,91422,
WS-0099,Elżbieta Kubiak,elzbieta.kubiak99@example.test,+48512783981,Bydgoszcz,ul. Parkowa 57/20,2025-10-10,Schody Spiralne,Dąb,93161,
WS-0100,Jan Kowalski,jan.kowalski100@example.test,+48612791900,Gdańsk,ul. Dębowa 70/37,2021-05-21,Schody Na Policzkach,Buk,94900,
WS-0101,Katarzyna Wójcik,katarzyna.wojcik101@example.test,+48612799819,Białystok,ul. Słoneczna 83/2,2022-12-05,Schody Dywanowe,Jesion + Szkło,96639,
WS-0102,Tomasz Zielińska,tomasz.zielinska102@example.test,+48612807738,Opole,ul. Zaciszna 8/19,2023-07-16,Schody Proste,Dąb,98378,
WS-0103,Agnieszka Dąbrowska,agnieszka.dabrowska103@example.test,+48612815657,Poznań,ul. Leśna 21/36,2024-02-27,Schody Zabiegowe,Buk,100117,
WS-0104,Andrzej Mazur,andrzej.mazur104@example.test,+48612823576,Szczecin,ul. Ogrodowa 34/1,2025-09-11,Schody Dwubiegowe,Jesion + Szkło,101856,
WS-0105,Aleksandra Grabowska,aleksandra.grabowska105@example.test,+48612831495,Kielce,ul. Jesionowa 47/18,2021-04-22,Schody Spiralne,Dąb,103595,
WS-0106,Michał Król,michal.krol106@example.test,+48612839414,Wrocław,ul. Brzozowa 60/35,2022-11-06,Schody Na Policzkach,Buk,105334,
WS-0107,Ewa Zając,ewa.zajac107@example.test,+48612847333,Lublin,ul. Wiosenna 73/52,2023-06-17,Schody Dywanowe,Jesion + Szkło,107073,
WS-0108,Adam Sikora,adam.sikora108@example.test,+48612855252,Olsztyn,ul. Akacjowa 86/17,2024-01-01,Schody Proste,Dąb,108812,
WS-0109,Natalia Wiśniewski,natalia.wisniewski109@example.test,+48612863171,Kraków,ul. Sosnowa 11/34,2025-08-12,Schody Zabiegowe,Buk,110551,
WS-0110,Jakub Lewandowski,jakub.lewandowski110@example.test,+48612871090,Łódź,ul. Kwiatowa 24/51,2021-03-23,Schody Dwubiegowe,Jesion + Szkło,112290,
WS-0111,Karolina Woźniak,karolina.wozniak111@example.test,+48612879009,Toruń,ul. Nad Rzeką 37/16,2022-10-07,Schody Spiralne,Dąb,114029,
WS-0112,Kamil Jankowska,kamil.jankowska112@example.test,+48612886928,Warszawa,ul. Klonowa 50/33,2023-05-18,Schody Na Policzkach,Buk,18768,
WS-0113,Julia Piotrowski,julia.piotrowski113@example.test,+48612894847,Katowice,ul. Spacerowa 63/50,2024-12-02,Schody Dywanowe,Jesion + Szkło,20507,
WS-0114,Damian Michalski,damian.michalski114@example.test,+48612902766,Rzeszów,ul. Kamienna 76/15,2025-07-13,Schody Proste,Dąb,22246,
WS-0115,Oliwia Jabłońska,oliwia.jablonska115@example.test,+48612910685,Bydgoszcz,ul. Lipowa 89/32,2021-02-24,Schody Zabiegowe,Buk,23985,
WS-0116,Rafał Maciejewska,rafal.maciejewska116@example.test,,Gdańsk,ul. Modrzewiowa 14/49,2022-09-08,Schody Dwubiegowe,Jesion + Szkło,25724,missing_phone
WS-0117,Beata Nowak,beata.nowak117@example.test,+48612926523,Białystok,ul. Jasna 27/14,2023-04-19,Schody Spiralne,Dąb,27463,
WS-0118,Wojciech Kamińska,wojciech.kaminska118@example.test,+48612934442,Opole,ul. Polna 40/31,2024-11-03,Schody Na Policzkach,Buk,29202,
WS-0119,Elżbieta Szymański,elzbieta.szymanski119@example.test,+48612942361,Poznań,ul. Parkowa 53/48,2025-06-14,Schody Dywanowe,Jesion + Szkło,30941,
WS-0120,Jan Kozłowski,jan.kozlowski120@example.test,+48612950280,Szczecin,ul. Dębowa 66/13,2021-01-25,Schody Proste,Dąb,32680,
WS-0121,Katarzyna Krawczyk,katarzyna.krawczyk121@example.test,+48612958199,Kielce,ul. Słoneczna 79/30,2022-08-09,Schody Zabiegowe,Buk,34419,
WS-0122,Tomasz Pawlak,tomasz.pawlak122@example.test,+48612966118,Wrocław,ul. Zaciszna 4/47,2023-03-20,Schody Dwubiegowe,Jesion + Szkło,36158,
WS-0123,Agnieszka Wieczorek,agnieszka.wieczorek123@example.test,+48612974037,Lublin,ul. Leśna 17 M. 12,2024-10-04,Schody Spiralne,Dąb,37897,
WS-0124,Andrzej Kubiak,,+48612981956,Olsztyn,ul. Ogrodowa 30/29,2025-05-15,Schody Na Policzkach,Buk,39636,missing_email
WS-0125,Aleksandra Kowalski,aleksandra.kowalski125@example.test,+48612989875,Kraków,ul. Jesionowa 43/46,2021-12-26,Schody Dywanowe,Jesion + Szkło,41375,
WS-0126,Michał Wójcik,michal.wojcik126@example.test,+48612997794,Łódź,ul. Brzozowa 56/11,2022-07-10,Schody Proste,Dąb,43114,
WS-0127,Ewa Zielińska,ewa.zielinska127@example.test,+48613005713,Toruń,ul. Wiosenna 69/28,2023-02-21,Schody Zabiegowe,Buk,44853,
WS-0128,Adam Dąbrowska,adam.dabrowska128@example.test,+48613013632,Warszawa,ul. Akacjowa 82/45,2024-09-05,Schody Dwubiegowe,Jesion + Szkło,46592,
WS-0129,Natalia Mazur,natalia.mazur129@example.test,+48613021551,Katowice,ul. Sosnowa 7/10,2025-04-16,Schody Spiralne,Dąb,48331,
WS-0130,Jakub Grabowska,jakub.grabowska130@example.test,+48613029470,Rzeszów,ul. Kwiatowa 20/27,2021-11-27,Schody Na Policzkach,Buk,50070,
WS-0131,Karolina Król,karolina.krol131@example.test,+48613037389,Bydgoszcz,ul. Nad Rzeką 33/44,2022-06-11,Schody Dywanowe,Jesion + Szkło,51809,
WS-0132,Kamil Zając,kamil.zajac132@example.test,+48613045308,Gdańsk,ul. Klonowa 46/9,2023-01-22,Schody Proste,Dąb,53548,
WS-0133,Julia Sikora,julia.sikora133@example.test,+48613053227,Białystok,ul. Spacerowa 59/26,2024-08-06,Schody Zabiegowe,Buk,55287,
WS-0134,Damian Wiśniewski,damian.wisniewski134@example.test,+48613061146,Opole,ul. Kamienna 72/43,2025-03-17,Schody Dwubiegowe,Jesion + Szkło,57026,
WS-0135,Oliwia Lewandowski,oliwia.lewandowski135@example.test,+48613069065,Poznań,ul. Lipowa 85/8,2021-10-01,Schody Spiralne,Dąb,58765,
WS-0136,Rafał Woźniak,rafal.wozniak136@example.test,+48613076984,Szczecin,ul. Modrzewiowa 10/25,2022-05-12,Schody Na Policzkach,Buk,60504,
WS-0137,Beata Jankowska,beata.jankowska137@example.test,+48613084903,Kielce,ul. Jasna 23/42,2023-12-23,Schody Dywanowe,Jesion + Szkło,62243,
WS-0138,Wojciech Piotrowski,wojciech.piotrowski138@example.test,+48613092822,Wrocław,ul. Polna 36/7,2024-07-07,Schody Proste,Dąb,63982,
WS-0139,Elżbieta Michalski,elzbieta.michalski139@example.test,+48613100741,Lublin,ul. Parkowa 49/24,2025-02-18,Schody Zabiegowe,Buk,65721,
WS-0140,Jan Jabłońska,jan.jablonska140@example.test,+48613108660,Olsztyn,ul. Dębowa 62/41,2021-09-02,Schody Dwubiegowe,Jesion + Szkło,67460,
WS-0141,Katarzyna Maciejewska,katarzyna.maciejewska141@example.test,+48613116579,Kraków,ul. Słoneczna 75/6,2022-04-13,Schody Spiralne,Dąb,69 199 PLN,
WS-0142,Tomasz Nowak,tomasz.nowak142@example.test,+48613124498,Łódź,ul. Zaciszna 88/23,2023-11-24,Schody Na Policzkach,Buk,70938,
WS-0143,Agnieszka Kamińska,agnieszka.kaminska143@example.test,+48613132417,Toruń,ul. Leśna 13/40,2024-06-08,Schody Dywanowe,Jesion + Szkło,72677,
WS-0144,Andrzej Szymański,andrzej.szymanski144@example.test,+48613140336,Warszawa,ul. Ogrodowa 26/5,2025-01-19,Schody Proste,Dąb,74416,
WS-0145,Aleksandra Kozłowski,aleksandra.kozlowski145@example.test,,Katowice,ul. Jesionowa 39/22,2021-08-03,Schody Zabiegowe,Buk,76155,missing_phone
WS-0146,Michał Krawczyk,michal.krawczyk146@example.test,+48613156174,Rzeszów,ul. Brzozowa 52/39,2022-03-14,Schody Dwubiegowe,Jesion + Szkło,77894,
WS-0147,Ewa Pawlak,ewa.pawlak147@example.test,+48613164093,Bydgoszcz,ul. Wiosenna 65/4,2023-10-25,Schody Spiralne,Dąb,79633,
WS-0148,Adam Wieczorek,adam.wieczorek148@example.test,+48613172012,Gdańsk,ul. Akacjowa 78/21,2024-05-09,Schody Na Policzkach,Buk,81372,
WS-0149,Natalia Kubiak,natalia.kubiak149@example.test,+48613179931,Białystok,ul. Sosnowa 3/38,2025-12-20,Schody Dywanowe,Jesion + Szkło,83111,
WS-0150,Jakub Kowalski,jakub.kowalski150@example.test,+48613187850,Opole,ul. Kwiatowa 16/3,2021-07-04,Schody Proste,Dąb,84850,
WS-0151,Karolina Wójcik,karolina.wojcik151@example.test,+48613195769,Poznań,ul. Nad Rzeką 29/20,2022-02-15,Schody Zabiegowe,Buk,86589,
WS-0152,Kamil Zielińska,kamil.zielinska152@example.test,+48613203688,Szczecin,ul. Klonowa 42/37,2023-09-26,Schody Dwubiegowe,Jesion + Szkło,88328,
WS-0153,Julia Dąbrowska,julia.dabrowska153@example.test,+48613211607,Kielce,ul. Spacerowa 55/2,2024-04-10,Schody Spiralne,Dąb,90067,
WS-0154,Damian Mazur,damian.mazur154@example.test,+48613219526,Wrocław,ul. Kamienna 68/19,2025-11-21,Schody Na Policzkach,Buk,91806,
WS-0155,Oliwia Grabowska,,+48613227445,Lublin,ul. Lipowa 81/36,2021-06-05,Schody Dywanowe,Jesion + Szkło,93545,missing_email
WS-0156,Rafał Król,rafal.krol156@example.test,+48613235364,Olsztyn,ul. Modrzewiowa 6/1,2022-01-16,Schody Proste,Dąb,95284,
WS-0157,Beata Zając,beata.zajac157@example.test,+48613243283,Kraków,ul. Jasna 19/18,2023-08-27,Schody Zabiegowe,Buk,97023,
WS-0158,Wojciech Sikora,wojciech.sikora158@example.test,+48613251202,Łódź,ul. Polna 32/35,2024-03-11,Schody Dwubiegowe,Jesion + Szkło,98762,
WS-0159,Elżbieta Wiśniewski,elzbieta.wisniewski159@example.test,+48613259121,Toruń,ul. Parkowa 45/52,2025-10-22,Schody Spiralne,Dąb,100501,
WS-0160,Jan Lewandowski,jan.lewandowski160@example.test,+48613267040,Warszawa,ul. Dębowa 58/17,2021-05-06,Schody Na Policzkach,Buk,102240,
WS-0161,Katarzyna Woźniak,katarzyna.wozniak161@example.test,+48613274959,Katowice,ul. Słoneczna 71/34,2022-12-17,Schody Dywanowe,Jesion + Szkło,103979,
WS-0162,Tomasz Jankowska,tomasz.jankowska162@example.test,+48613282878,Rzeszów,ul. Zaciszna 84/51,2023-07-01,Schody Proste,Dąb,105718,
WS-0163,Agnieszka Piotrowski,agnieszka.piotrowski163@example.test,+48613290797,Bydgoszcz,ul. Leśna 9/16,2024-02-12,Schody Zabiegowe,Buk,107457,
WS-0164,Andrzej Michalski,andrzej.michalski164@example.test,+48613298716,Gdańsk,ul. Ogrodowa 22 M. 33,2025-09-23,Schody Dwubiegowe,Jesion + Szkło,109196,
WS-0165,Aleksandra Jabłońska,aleksandra.jablonska165@example.test,+48613306635,Białystok,ul. Jesionowa 35/50,2021-04-07,Schody Spiralne,Dąb,110935,
WS-0166,Michał Maciejewska,michal.maciejewska166@example.test,+48613314554,Opole,ul. Brzozowa 48/15,2022-11-18,Schody Na Policzkach,Buk,112674,
WS-0167,Ewa Nowak,ewa.nowak167@example.test,+48613322473,Poznań,ul. Wiosenna 61/32,2023-06-02,Schody Dywanowe,Jesion + Szkło,114413,
WS-0168,Adam Kamińska,adam.kaminska168@example.test,+48613330392,Szczecin,ul. Akacjowa 74/49,2024-01-13,Schody Proste,Dąb,19152,
WS-0169,Natalia Szymański,natalia.szymanski169@example.test,+48613338311,Kielce,ul. Sosnowa 87/14,2025-08-24,Schody Zabiegowe,Buk,20891,
WS-0170,Jakub Kozłowski,jakub.kozlowski170@example.test,+48613346230,Wrocław,ul. Kwiatowa 12/31,2021-03-08,Schody Dwubiegowe,Jesion + Szkło,22630,
WS-0171,Karolina Krawczyk,karolina.krawczyk171@example.test,+48613354149,Lublin,ul. Nad Rzeką 25/48,2022-10-19,Schody Spiralne,Dąb,24369,
WS-0172,Kamil Pawlak,kamil.pawlak172@example.test,+48613362068,Olsztyn,ul. Klonowa 38/13,2023-05-03,Schody Na Policzkach,Buk,26108,
WS-0173,Julia Wieczorek,julia.wieczorek173@example.test,+48613369987,Kraków,ul. Spacerowa 51/30,2024-12-14,Schody Dywanowe,Jesion + Szkło,27847,
WS-0174,Damian Kubiak,damian.kubiak174@example.test,,Łódź,ul. Kamienna 64/47,2025-07-25,Schody Proste,Dąb,29586,missing_phone
WS-0175,Oliwia Kowalski,oliwia.kowalski175@example.test,+48613385825,Toruń,ul. Lipowa 77/12,2021-02-09,Schody Zabiegowe,Buk,31325,
WS-0176,Rafał Wójcik,rafal.wojcik176@example.test,+48613393744,Warszawa,ul. Modrzewiowa 2/29,2022-09-20,Schody Dwubiegowe,Jesion + Szkło,33064,
WS-0177,Beata Zielińska,beata.zielinska177@example.test,+48613401663,Katowice,ul. Jasna 15/46,2023-04-04,Schody Spiralne,Dąb,34803,
WS-0178,Wojciech Dąbrowska,wojciech.dabrowska178@example.test,+48613409582,Rzeszów,ul. Polna 28/11,2024-11-15,Schody Na Policzkach,Buk,36542,
WS-0179,Elżbieta Mazur,elzbieta.mazur179@example.test,+48613417501,Bydgoszcz,ul. Parkowa 41/28,2025-06-26,Schody Dywanowe,Jesion + Szkło,38281,
WS-0180,Jan Grabowska,jan.grabowska180@example.test,+48613425420,Gdańsk,ul. Dębowa 54/45,2021-01-10,Schody Proste,Dąb,40020,
WS-0181,Katarzyna Król,katarzyna.krol181@example.test,+48613433339,Białystok,ul. Słoneczna 67/10,2022-08-21,Schody Zabiegowe,Buk,41759,
WS-0182,Tomasz Zając,tomasz.zajac182@example.test,+48613441258,Opole,ul. Zaciszna 80/27,2023-03-05,Schody Dwubiegowe,Jesion + Szkło,43498,
WS-0183,Agnieszka Sikora,agnieszka.sikora183@example.test,+48613449177,Poznań,ul. Leśna 5/44,2024-10-16,Schody Spiralne,Dąb,45237,
WS-0184,Andrzej Wiśniewski,andrzej.wisniewski184@example.test,+48613457096,Szczecin,ul. Ogrodowa 18/9,2025-05-27,Schody Na Policzkach,Buk,46976,
WS-0185,Aleksandra Lewandowski,aleksandra.lewandowski185@example.test,+48613465015,Kielce,ul. Jesionowa 31/26,2021-12-11,Schody Dywanowe,Jesion + Szkło,48715,
WS-0186,Michał Woźniak,,+48613472934,Wrocław,ul. Brzozowa 44/43,2022-07-22,Schody Proste,Dąb,50454,missing_email
WS-0187,Ewa Jankowska,ewa.jankowska187@example.test,+48613480853,Lublin,ul. Wiosenna 57/8,2023-02-06,Schody Zabiegowe,Buk,52193,
WS-0188,Adam Piotrowski,adam.piotrowski188@example.test,+48613488772,Olsztyn,ul. Akacjowa 70/25,2024-09-17,Schody Dwubiegowe,Jesion + Szkło,53 932 PLN,
WS-0189,Natalia Michalski,natalia.michalski189@example.test,+48613496691,Kraków,ul. Sosnowa 83/42,2025-04-01,Schody Spiralne,Dąb,55671,
WS-0190,Jakub Jabłońska,jakub.jablonska190@example.test,+48613504610,Łódź,ul. Kwiatowa 8/7,2021-11-12,Schody Na Policzkach,Buk,57410,
WS-0191,Karolina Maciejewska,karolina.maciejewska191@example.test,+48613512529,Toruń,ul. Nad Rzeką 21/24,2022-06-23,Schody Dywanowe,Jesion + Szkło,59149,
WS-0192,Kamil Nowak,kamil.nowak192@example.test,+48613520448,Warszawa,ul. Klonowa 34/41,2023-01-07,Schody Proste,Dąb,60888,
WS-0193,Julia Kamińska,julia.kaminska193@example.test,+48613528367,Katowice,ul. Spacerowa 47/6,2024-08-18,Schody Zabiegowe,Buk,62627,
WS-0194,Damian Szymański,damian.szymanski194@example.test,+48613536286,Rzeszów,ul. Kamienna 60/23,2025-03-02,Schody Dwubiegowe,Jesion + Szkło,64366,
WS-0195,Oliwia Kozłowski,oliwia.kozlowski195@example.test,+48613544205,Bydgoszcz,ul. Lipowa 73/40,2021-10-13,Schody Spiralne,Dąb,66105,
WS-0196,Rafał Krawczyk,rafal.krawczyk196@example.test,+48613552124,Gdańsk,ul. Modrzewiowa 86/5,2022-05-24,Schody Na Policzkach,Buk,67844,
WS-0197,Beata Pawlak,beata.pawlak197@example.test,+48613560043,Białystok,ul. Jasna 11/22,2023-12-08,Schody Dywanowe,Jesion + Szkło,69583,
WS-0198,Wojciech Wieczorek,wojciech.wieczorek198@example.test,+48613567962,Opole,ul. Polna 24/39,2024-07-19,Schody Proste,Dąb,71322,
WS-0199,Elżbieta Kubiak,elzbieta.kubiak199@example.test,+48613575881,Poznań,ul. Parkowa 37/4,2025-02-03,Schody Zabiegowe,Buk,73061,
WS-0200,Jan Kowalski,jan.kowalski200@example.test,+48713583800,Szczecin,ul. Dębowa 50/21,2021-09-14,Schody Dwubiegowe,Jesion + Szkło,74800,
WS-0201,Katarzyna Wójcik,katarzyna.wojcik201@example.test,+48713591719,Kielce,ul. Słoneczna 63/38,2022-04-25,Schody Spiralne,Dąb,76539,
WS-0202,Tomasz Zielińska,tomasz.zielinska202@example.test,+48713599638,Wrocław,ul. Zaciszna 76/3,2023-11-09,Schody Na Policzkach,Buk,78278,
WS-0203,Agnieszka Dąbrowska,agnieszka.dabrowska203@example.test,,Lublin,ul. Leśna 89/20,2024-06-20,Schody Dywanowe,Jesion + Szkło,80017,missing_phone
WS-0204,Andrzej Mazur,andrzej.mazur204@example.test,+48713615476,Olsztyn,ul. Ogrodowa 14/37,2025-01-04,Schody Proste,Dąb,81756,
WS-0205,Aleksandra Grabowska,aleksandra.grabowska205@example.test,+48713623395,Kraków,ul. Jesionowa 27 M. 2,2021-08-15,Schody Zabiegowe,Buk,83495,
WS-0206,Michał Król,michal.krol206@example.test,+48713631314,Łódź,ul. Brzozowa 40/19,2022-03-26,Schody Dwubiegowe,Jesion + Szkło,85234,
WS-0207,Ewa Zając,ewa.zajac207@example.test,+48713639233,Toruń,ul. Wiosenna 53/36,2023-10-10,Schody Spiralne,Dąb,86973,
WS-0208,Adam Sikora,adam.sikora208@example.test,+48713647152,Warszawa,ul. Akacjowa 66/1,2024-05-21,Schody Na Policzkach,Buk,88712,
WS-0209,Natalia Wiśniewski,natalia.wisniewski209@example.test,+48713655071,Katowice,ul. Sosnowa 79/18,2025-12-05,Schody Dywanowe,Jesion + Szkło,90451,
WS-0210,Jakub Lewandowski,jakub.lewandowski210@example.test,+48713662990,Rzeszów,ul. Kwiatowa 4/35,2021-07-16,Schody Proste,Dąb,92190,
WS-0211,Karolina Woźniak,karolina.wozniak211@example.test,+48713670909,Bydgoszcz,ul. Nad Rzeką 17/52,2022-02-27,Schody Zabiegowe,Buk,93929,
WS-0212,Kamil Jankowska,kamil.jankowska212@example.test,+48713678828,Gdańsk,ul. Klonowa 30/17,2023-09-11,Schody Dwubiegowe,Jesion + Szkło,95668,
WS-0213,Julia Piotrowski,julia.piotrowski213@example.test,+48713686747,Białystok,ul. Spacerowa 43/34,2024-04-22,Schody Spiralne,Dąb,97407,
WS-0214,Damian Michalski,damian.michalski214@example.test,+48713694666,Opole,ul. Kamienna 56/51,2025-11-06,Schody Na Policzkach,Buk,99146,
WS-0215,Oliwia Jabłońska,oliwia.jablonska215@example.test,+48713702585,Poznan,ul. Lipowa 69/16,2021-06-17,Schody Dywanowe,Jesion + Szkło,100885,
WS-0216,Rafał Maciejewska,rafal.maciejewska216@example.test,+48713710504,Szczecin,ul. Modrzewiowa 82/33,2022-01-01,Schody Proste,Dąb,102624,
WS-0217,Beata Nowak,,+48713718423,Kielce,ul. Jasna 7/50,2023-08-12,Schody Zabiegowe,Buk,104363,missing_email
WS-0218,Wojciech Kamińska,wojciech.kaminska218@example.test,+48713726342,Wrocław,ul. Polna 20/15,2024-03-23,Schody Dwubiegowe,Jesion + Szkło,106102,
WS-0219,Elżbieta Szymański,elzbieta.szymanski219@example.test,+48713734261,Lublin,ul. Parkowa 33/32,2025-10-07,Schody Spiralne,Dąb,107841,
WS-0220,Jan Kozłowski,jan.kozlowski220@example.test,+48713742180,Olsztyn,ul. Dębowa 46/49,2021-05-18,Schody Na Policzkach,Buk,109580,
WS-0221,Katarzyna Krawczyk,katarzyna.krawczyk221@example.test,+48713750099,Kraków,ul. Słoneczna 59/14,2022-12-02,Schody Dywanowe,Jesion + Szkło,111319,
WS-0222,Tomasz Pawlak,tomasz.pawlak222@example.test,+48713758018,Łódź,ul. Zaciszna 72/31,2023-07-13,Schody Proste,Dąb,113058,
WS-0223,Agnieszka Wieczorek,agnieszka.wieczorek223@example.test,+48713765937,Toruń,ul. Leśna 85/48,2024-02-24,Schody Zabiegowe,Buk,114797,
WS-0224,Andrzej Kubiak,andrzej.kubiak224@example.test,+48713773856,Warszawa,ul. Ogrodowa 10/13,2025-09-08,Schody Dwubiegowe,Jesion + Szkło,19536,
WS-0225,Aleksandra Kowalski,aleksandra.kowalski225@example.test,+48713781775,Katowice,ul. Jesionowa 23/30,2021-04-19,Schody Spiralne,Dąb,21275,
WS-0226,Michał Wójcik,michal.wojcik226@example.test,+48713789694,Rzeszów,ul. Brzozowa 36/47,2022-11-03,Schody Na Policzkach,Buk,23014,
WS-0227,Ewa Zielińska,ewa.zielinska227@example.test,+48713797613,Bydgoszcz,ul. Wiosenna 49/12,2023-06-14,Schody Dywanowe,Jesion + Szkło,24753,
WS-0228,Adam Dąbrowska,adam.dabrowska228@example.test,+48713805532,Gdańsk,ul. Akacjowa 62/29,2024-01-25,Schody Proste,Dąb,26492,
WS-0229,Natalia Mazur,natalia.mazur229@example.test,+48713813451,Białystok,ul. Sosnowa 75/46,2025-08-09,Schody Zabiegowe,Buk,28231,
WS-0230,Jakub Grabowska,jakub.grabowska230@example.test,+48713821370,Opole,ul. Kwiatowa 88/11,2021-03-20,Schody Dwubiegowe,Jesion + Szkło,29970,
WS-0231,Karolina Król,karolina.krol231@example.test,+48713829289,Poznań,ul. Nad Rzeką 13/28,2022-10-04,Schody Spiralne,Dąb,31709,
WS-0232,Kamil Zając,kamil.zajac232@example.test,,Szczecin,ul. Klonowa 26/45,2023-05-15,Schody Na Policzkach,Buk,33448,missing_phone
WS-0233,Julia Sikora,julia.sikora233@example.test,+48713845127,Kielce,ul. Spacerowa 39/10,2024-12-26,Schody Dywanowe,Jesion + Szkło,35187,
WS-0234,Damian Wiśniewski,damian.wisniewski234@example.test,+48713853046,Wrocław,ul. Kamienna 52/27,2025-07-10,Schody Proste,Dąb,36926,
WS-0235,Oliwia Lewandowski,oliwia.lewandowski235@example.test,+48713860965,Lublin,ul. Lipowa 65/44,2021-02-21,Schody Zabiegowe,Buk,38 665 PLN,
WS-0236,Rafał Woźniak,rafal.wozniak236@example.test,+48713868884,Olsztyn,ul. Modrzewiowa 78/9,2022-09-05,Schody Dwubiegowe,Jesion + Szkło,40404,
WS-0237,Beata Jankowska,beata.jankowska237@example.test,+48713876803,Kraków,ul. Jasna 3/26,2023-04-16,Schody Spiralne,Dąb,42143,
WS-0238,Wojciech Piotrowski,wojciech.piotrowski238@example.test,+48713884722,Łódź,ul. Polna 16/43,2024-11-27,Schody Na Policzkach,Buk,43882,
WS-0239,Elżbieta Michalski,elzbieta.michalski239@example.test,+48713892641,Toruń,ul. Parkowa 29/8,2025-06-11,Schody Dywanowe,Jesion + Szkło,45621,
WS-0240,Jan Jabłońska,jan.jablonska240@example.test,+48713900560,Warszawa,ul. Dębowa 42/25,2021-01-22,Schody Proste,Dąb,47360,
WS-0241,Katarzyna Maciejewska,katarzyna.maciejewska241@example.test,+48713908479,Katowice,ul. Słoneczna 55/42,2022-08-06,Schody Zabiegowe,Buk,49099,
WS-0242,Tomasz Nowak,tomasz.nowak242@example.test,+48713916398,Rzeszów,ul. Zaciszna 68/7,2023-03-17,Schody Dwubiegowe,Jesion + Szkło,50838,
WS-0243,Agnieszka Kamińska,agnieszka.kaminska243@example.test,+48713924317,Bydgoszcz,ul. Leśna 81/24,2024-10-01,Schody Spiralne,Dąb,52577,
WS-0244,Andrzej Szymański,andrzej.szymanski244@example.test,+48713932236,Gdańsk,ul. Ogrodowa 6/41,2025-05-12,Schody Na Policzkach,Buk,54316,
WS-0245,Aleksandra Kozłowski,aleksandra.kozlowski245@example.test,+48713940155,Białystok,ul. Jesionowa 19/6,2021-12-23,Schody Dywanowe,Jesion + Szkło,56055,
WS-0246,Michał Krawczyk,michal.krawczyk246@example.test,+48713948074,Opole,ul. Brzozowa 32 M. 23,2022-07-07,Schody Proste,Dąb,57794,
WS-0247,Ewa Pawlak,ewa.pawlak247@example.test,+48713955993,Poznań,ul. Wiosenna 45/40,2023-02-18,Schody Zabiegowe,Buk,59533,
WS-0248,Adam Wieczorek,,+48713963912,Szczecin,ul. Akacjowa 58/5,2024-09-02,Schody Dwubiegowe,Jesion + Szkło,61272,missing_email
WS-0249,Natalia Kubiak,natalia.kubiak249@example.test,+48713971831,Kielce,ul. Sosnowa 71/22,2025-04-13,Schody Spiralne,Dąb,63011,
WS-0250,Jakub Kowalski,jakub.kowalski250@example.test,+48713979750,Wrocław,ul. Kwiatowa 84/39,2021-11-24,Schody Na Policzkach,Buk,64750,
WS-0251,Karolina Wójcik,karolina.wojcik251@example.test,+48713987669,Lublin,ul. Nad Rzeką 9/4,2022-06-08,Schody Dywanowe,Jesion + Szkło,66489,
WS-0252,Kamil Zielińska,kamil.zielinska252@example.test,+48713995588,Olsztyn,ul. Klonowa 22/21,2023-01-19,Schody Proste,Dąb,68228,
WS-0253,Julia Dąbrowska,julia.dabrowska253@example.test,+48714003507,Kraków,ul. Spacerowa 35/38,2024-08-03,Schody Zabiegowe,Buk,69967,
WS-0254,Damian Mazur,damian.mazur254@example.test,+48714011426,Łódź,ul. Kamienna 48/3,2025-03-14,Schody Dwubiegowe,Jesion + Szkło,71706,
WS-0255,Oliwia Grabowska,oliwia.grabowska255@example.test,+48714019345,Toruń,ul. Lipowa 61/20,2021-10-25,Schody Spiralne,Dąb,73445,
WS-0256,Rafał Król,rafal.krol256@example.test,+48714027264,Warszawa,ul. Modrzewiowa 74/37,2022-05-09,Schody Na Policzkach,Buk,75184,
WS-0257,Beata Zając,beata.zajac257@example.test,+48714035183,Katowice,ul. Jasna 87/2,2023-12-20,Schody Dywanowe,Jesion + Szkło,76923,
WS-0258,Wojciech Sikora,wojciech.sikora258@example.test,+48714043102,Rzeszow,ul. Polna 12/19,2024-07-04,Schody Proste,Dąb,78662,
WS-0259,Elżbieta Wiśniewski,elzbieta.wisniewski259@example.test,+48714051021,Bydgoszcz,ul. Parkowa 25/36,2025-02-15,Schody Zabiegowe,Buk,80401,
WS-0260,Jan Lewandowski,jan.lewandowski260@example.test,+48714058940,Gdańsk,ul. Dębowa 38/1,2021-09-26,Schody Dwubiegowe,Jesion + Szkło,82140,
WS-0261,Katarzyna Woźniak,katarzyna.wozniak261@example.test,,Białystok,ul. Słoneczna 51/18,2022-04-10,Schody Spiralne,Dąb,83879,missing_phone
WS-0262,Tomasz Jankowska,tomasz.jankowska262@example.test,+48714074778,Opole,ul. Zaciszna 64/35,2023-11-21,Schody Na Policzkach,Buk,85618,
WS-0263,Agnieszka Piotrowski,agnieszka.piotrowski263@example.test,+48714082697,Poznań,ul. Leśna 77/52,2024-06-05,Schody Dywanowe,Jesion + Szkło,87357,
WS-0264,Andrzej Michalski,andrzej.michalski264@example.test,+48714090616,Szczecin,ul. Ogrodowa 2/17,2025-01-16,Schody Proste,Dąb,89096,
WS-0265,Aleksandra Jabłońska,aleksandra.jablonska265@example.test,+48714098535,Kielce,ul. Jesionowa 15/34,2021-08-27,Schody Zabiegowe,Buk,90835,
WS-0266,Michał Maciejewska,michal.maciejewska266@example.test,+48714106454,Wrocław,ul. Brzozowa 28/51,2022-03-11,Schody Dwubiegowe,Jesion + Szkło,92574,
WS-0267,Ewa Nowak,ewa.nowak267@example.test,+48714114373,Lublin,ul. Wiosenna 41/16,2023-10-22,Schody Spiralne,Dąb,94313,
WS-0268,Adam Kamińska,adam.kaminska268@example.test,+48714122292,Olsztyn,ul. Akacjowa 54/33,2024-05-06,Schody Na Policzkach,Buk,96052,
WS-0269,Natalia Szymański,natalia.szymanski269@example.test,+48714130211,Kraków,ul. Sosnowa 67/50,2025-12-17,Schody Dywanowe,Jesion + Szkło,97791,
WS-0270,Jakub Kozłowski,jakub.kozlowski270@example.test,+48714138130,Łódź,ul. Kwiatowa 80/15,2021-07-01,Schody Proste,Dąb,99530,
WS-0271,Karolina Krawczyk,karolina.krawczyk271@example.test,+48714146049,Toruń,ul. Nad Rzeką 5/32,2022-02-12,Schody Zabiegowe,Buk,101269,
WS-0272,Kamil Pawlak,kamil.pawlak272@example.test,+48714153968,Warszawa,ul. Klonowa 18/49,2023-09-23,Schody Dwubiegowe,Jesion + Szkło,103008,
WS-0273,Julia Wieczorek,julia.wieczorek273@example.test,+48714161887,Katowice,ul. Spacerowa 31/14,2024-04-07,Schody Spiralne,Dąb,104747,
WS-0274,Damian Kubiak,damian.kubiak274@example.test,+48714169806,Rzeszów,ul. Kamienna 44/31,2025-11-18,Schody Na Policzkach,Buk,106486,
WS-0275,Oliwia Kowalski,oliwia.kowalski275@example.test,+48714177725,Bydgoszcz,ul. Lipowa 57/48,2021-06-02,Schody Dywanowe,Jesion + Szkło,108225,
WS-0276,Rafał Wójcik,rafal.wojcik276@example.test,+48714185644,Gdańsk,ul. Modrzewiowa 70/13,2022-01-13,Schody Proste,Dąb,109964,
WS-0277,Beata Zielińska,beata.zielinska277@example.test,+48714193563,Białystok,ul. Jasna 83/30,2023-08-24,Schody Zabiegowe,Buk,111703,
WS-0278,Wojciech Dąbrowska,wojciech.dabrowska278@example.test,+48714201482,Opole,ul. Polna 8/47,2024-03-08,Schody Dwubiegowe,Jesion + Szkło,113442,
WS-0279,Elżbieta Mazur,,+48714209401,Poznań,ul. Parkowa 21/12,2025-10-19,Schody Spiralne,Dąb,18181,missing_email
WS-0280,Jan Grabowska,jan.grabowska280@example.test,+48714217320,Szczecin,ul. Dębowa 34/29,2021-05-03,Schody Na Policzkach,Buk,19920,
WS-0281,Katarzyna Król,katarzyna.krol281@example.test,+48714225239,Kielce,ul. Słoneczna 47/46,2022-12-14,Schody Dywanowe,Jesion + Szkło,21659,
WS-0282,Tomasz Zając,tomasz.zajac282@example.test,+48714233158,Wrocław,ul. Zaciszna 60/11,2023-07-25,Schody Proste,Dąb,23 398 PLN,
WS-0283,Agnieszka Sikora,agnieszka.sikora283@example.test,+48714241077,Lublin,ul. Leśna 73/28,2024-02-09,Schody Zabiegowe,Buk,25137,
WS-0284,Andrzej Wiśniewski,andrzej.wisniewski284@example.test,+48714248996,Olsztyn,ul. Ogrodowa 86/45,2025-09-20,Schody Dwubiegowe,Jesion + Szkło,26876,
WS-0285,Aleksandra Lewandowski,aleksandra.lewandowski285@example.test,+48714256915,Kraków,ul. Jesionowa 11/10,2021-04-04,Schody Spiralne,Dąb,28615,
WS-0286,Michał Woźniak,michal.wozniak286@example.test,+48714264834,Łódź,ul. Brzozowa 24/27,2022-11-15,Schody Na Policzkach,Buk,30354,
WS-0287,Ewa Jankowska,ewa.jankowska287@example.test,+48714272753,Toruń,ul. Wiosenna 37 M. 44,2023-06-26,Schody Dywanowe,Jesion + Szkło,32093,
WS-0288,Adam Piotrowski,adam.piotrowski288@example.test,+48714280672,Warszawa,ul. Akacjowa 50/9,2024-01-10,Schody Proste,Dąb,33832,
WS-0289,Natalia Michalski,natalia.michalski289@example.test,+48714288591,Katowice,ul. Sosnowa 63/26,2025-08-21,Schody Zabiegowe,Buk,35571,
WS-0290,Jakub Jabłońska,jakub.jablonska290@example.test,,Rzeszów,ul. Kwiatowa 76/43,2021-03-05,Schody Dwubiegowe,Jesion + Szkło,37310,missing_phone
WS-0291,Karolina Maciejewska,karolina.maciejewska291@example.test,+48714304429,Bydgoszcz,ul. Nad Rzeką 89/8,2022-10-16,Schody Spiralne,Dąb,39049,
WS-0292,Kamil Nowak,kamil.nowak292@example.test,+48714312348,Gdańsk,ul. Klonowa 14/25,2023-05-27,Schody Na Policzkach,Buk,40788,
WS-0293,Julia Kamińska,julia.kaminska293@example.test,+48714320267,Białystok,ul. Spacerowa 27/42,2024-12-11,Schody Dywanowe,Jesion + Szkło,42527,
WS-0294,Damian Szymański,damian.szymanski294@example.test,+48714328186,Opole,ul. Kamienna 40/7,2025-07-22,Schody Proste,Dąb,44266,
WS-0295,Oliwia Kozłowski,oliwia.kozlowski295@example.test,+48714336105,Poznań,ul. Lipowa 53/24,2021-02-06,Schody Zabiegowe,Buk,46005,
WS-0296,Rafał Krawczyk,rafal.krawczyk296@example.test,+48714344024,Szczecin,ul. Modrzewiowa 66/41,2022-09-17,Schody Dwubiegowe,Jesion + Szkło,47744,
WS-0297,Beata Pawlak,beata.pawlak297@example.test,+48714351943,Kielce,ul. Jasna 79/6,2023-04-01,Schody Spiralne,Dąb,49483,
WS-0298,Wojciech Wieczorek,wojciech.wieczorek298@example.test,+48714359862,Wrocław,ul. Polna 4/23,2024-11-12,Schody Na Policzkach,Buk,51222,
WS-0299,Elżbieta Kubiak,elzbieta.kubiak299@example.test,+48714367781,Lublin,ul. Parkowa 17/40,2025-06-23,Schody Dywanowe,Jesion + Szkło,52961,
WS-0300,Jan Kowalski,jan.kowalski300@example.test,+48814375700,Olsztyn,ul. Dębowa 30/5,2021-01-07,Schody Proste,Dąb,54700,
WS-0301,Katarzyna Wójcik,katarzyna.wojcik301@example.test,+48814383619,Krakow,ul. Słoneczna 43/22,2022-08-18,Schody Zabiegowe,Buk,56439,
WS-0302,Tomasz Zielińska,tomasz.zielinska302@example.test,+48814391538,Łódź,ul. Zaciszna 56/39,2023-03-02,Schody Dwubiegowe,Jesion + Szkło,58178,
WS-0303,Agnieszka Dąbrowska,agnieszka.dabrowska303@example.test,+48814399457,Toruń,ul. Leśna 69/4,2024-10-13,Schody Spiralne,Dąb,59917,
WS-0304,Andrzej Mazur,andrzej.mazur304@example.test,+48814407376,Warszawa,ul. Ogrodowa 82/21,2025-05-24,Schody Na Policzkach,Buk,61656,
WS-0305,Aleksandra Grabowska,aleksandra.grabowska305@example.test,+48814415295,Katowice,ul. Jesionowa 7/38,2021-12-08,Schody Dywanowe,Jesion + Szkło,63395,
WS-0306,Michał Król,michal.krol306@example.test,+48814423214,Rzeszów,ul. Brzozowa 20/3,2022-07-19,Schody Proste,Dąb,65134,
WS-0307,Ewa Zając,ewa.zajac307@example.test,+48814431133,Bydgoszcz,ul. Wiosenna 33/20,2023-02-03,Schody Zabiegowe,Buk,66873,
WS-0308,Adam Sikora,adam.sikora308@example.test,+48814439052,Gdańsk,ul. Akacjowa 46/37,2024-09-14,Schody Dwubiegowe,Jesion + Szkło,68612,
WS-0309,Natalia Wiśniewski,natalia.wisniewski309@example.test,+48814446971,Białystok,ul. Sosnowa 59/2,2025-04-25,Schody Spiralne,Dąb,70351,
WS-0310,Jakub Lewandowski,,+48814454890,Opole,ul. Kwiatowa 72/19,2021-11-09,Schody Na Policzkach,Buk,72090,missing_email
WS-0311,Karolina Woźniak,karolina.wozniak311@example.test,+48814462809,Poznań,ul. Nad Rzeką 85/36,2022-06-20,Schody Dywanowe,Jesion + Szkło,73829,
WS-0312,Kamil Jankowska,kamil.jankowska312@example.test,+48814470728,Szczecin,ul. Klonowa 10/1,2023-01-04,Schody Proste,Dąb,75568,
WS-0313,Julia Piotrowski,julia.piotrowski313@example.test,+48814478647,Kielce,ul. Spacerowa 23/18,2024-08-15,Schody Zabiegowe,Buk,77307,
WS-0314,Damian Michalski,damian.michalski314@example.test,+48814486566,Wrocław,ul. Kamienna 36/35,2025-03-26,Schody Dwubiegowe,Jesion + Szkło,79046,
WS-0315,Oliwia Jabłońska,oliwia.jablonska315@example.test,+48814494485,Lublin,ul. Lipowa 49/52,2021-10-10,Schody Spiralne,Dąb,80785,
WS-0316,Rafał Maciejewska,rafal.maciejewska316@example.test,+48814502404,Olsztyn,ul. Modrzewiowa 62/17,2022-05-21,Schody Na Policzkach,Buk,82524,
WS-0317,Beata Nowak,beata.nowak317@example.test,+48814510323,Kraków,ul. Jasna 75/34,2023-12-05,Schody Dywanowe,Jesion + Szkło,84263,
WS-0318,Wojciech Kamińska,wojciech.kaminska318@example.test,+48814518242,Łódź,ul. Polna 88/51,2024-07-16,Schody Proste,Dąb,86002,
WS-0319,Elżbieta Szymański,elzbieta.szymanski319@example.test,,Toruń,ul. Parkowa 13/16,2025-02-27,Schody Zabiegowe,Buk,87741,missing_phone
WS-0320,Jan Kozłowski,jan.kozlowski320@example.test,+48814534080,Warszawa,ul. Dębowa 26/33,2021-09-11,Schody Dwubiegowe,Jesion + Szkło,89480,
WS-0321,Katarzyna Krawczyk,katarzyna.krawczyk321@example.test,+48814541999,Katowice,ul. Słoneczna 39/50,2022-04-22,Schody Spiralne,Dąb,91219,
WS-0322,Tomasz Pawlak,tomasz.pawlak322@example.test,+48814549918,Rzeszów,ul. Zaciszna 52/15,2023-11-06,Schody Na Policzkach,Buk,92958,
WS-0323,Agnieszka Wieczorek,agnieszka.wieczorek323@example.test,+48814557837,Bydgoszcz,ul. Leśna 65/32,2024-06-17,Schody Dywanowe,Jesion + Szkło,94697,
WS-0324,Andrzej Kubiak,andrzej.kubiak324@example.test,+48814565756,Gdańsk,ul. Ogrodowa 78/49,2025-01-01,Schody Proste,Dąb,96436,
WS-0325,Aleksandra Kowalski,aleksandra.kowalski325@example.test,+48814573675,Białystok,ul. Jesionowa 3/14,2021-08-12,Schody Zabiegowe,Buk,98175,
WS-0326,Michał Wójcik,michal.wojcik326@example.test,+48814581594,Opole,ul. Brzozowa 16/31,2022-03-23,Schody Dwubiegowe,Jesion + Szkło,99914,
WS-0327,Ewa Zielińska,ewa.zielinska327@example.test,+48814589513,Poznań,ul. Wiosenna 29/48,2023-10-07,Schody Spiralne,Dąb,101653,
WS-0328,Adam Dąbrowska,adam.dabrowska328@example.test,+48814597432,Szczecin,ul. Akacjowa 42 M. 13,2024-05-18,Schody Na Policzkach,Buk,103392,
WS-0329,Natalia Mazur,natalia.mazur329@example.test,+48814605351,Kielce,ul. Sosnowa 55/30,2025-12-02,Schody Dywanowe,Jesion + Szkło,105 131 PLN,
WS-0330,Jakub Grabowska,jakub.grabowska330@example.test,+48814613270,Wrocław,ul. Kwiatowa 68/47,2021-07-13,Schody Proste,Dąb,106870,
WS-0331,Karolina Król,karolina.krol331@example.test,+48814621189,Lublin,ul. Nad Rzeką 81/12,2022-02-24,Schody Zabiegowe,Buk,108609,
WS-0332,Kamil Zając,kamil.zajac332@example.test,+48814629108,Olsztyn,ul. Klonowa 6/29,2023-09-08,Schody Dwubiegowe,Jesion + Szkło,110348,
WS-0333,Julia Sikora,julia.sikora333@example.test,+48814637027,Kraków,ul. Spacerowa 19/46,2024-04-19,Schody Spiralne,Dąb,112087,
WS-0334,Damian Wiśniewski,damian.wisniewski334@example.test,+48814644946,Łódź,ul. Kamienna 32/11,2025-11-03,Schody Na Policzkach,Buk,113826,
WS-0335,Oliwia Lewandowski,oliwia.lewandowski335@example.test,+48814652865,Toruń,ul. Lipowa 45/28,2021-06-14,Schody Dywanowe,Jesion + Szkło,18565,
WS-0336,Rafał Woźniak,rafal.wozniak336@example.test,+48814660784,Warszawa,ul. Modrzewiowa 58/45,2022-01-25,Schody Proste,Dąb,20304,
WS-0337,Beata Jankowska,beata.jankowska337@example.test,+48814668703,Katowice,ul. Jasna 71/10,2023-08-09,Schody Zabiegowe,Buk,22043,
WS-0338,Wojciech Piotrowski,wojciech.piotrowski338@example.test,+48814676622,Rzeszów,ul. Polna 84/27,2024-03-20,Schody Dwubiegowe,Jesion + Szkło,23782,
WS-0339,Elżbieta Michalski,elzbieta.michalski339@example.test,+48814684541,Bydgoszcz,ul. Parkowa 9/44,2025-10-04,Schody Spiralne,Dąb,25521,
WS-0340,Jan Jabłońska,jan.jablonska340@example.test,+48814692460,Gdańsk,ul. Dębowa 22/9,2021-05-15,Schody Na Policzkach,Buk,27260,
WS-0341,Katarzyna Maciejewska,,+48814700379,Białystok,ul. Słoneczna 35/26,2022-12-26,Schody Dywanowe,Jesion + Szkło,28999,missing_email
WS-0342,Tomasz Nowak,tomasz.nowak342@example.test,+48814708298,Opole,ul. Zaciszna 48/43,2023-07-10,Schody Proste,Dąb,30738,
WS-0343,Agnieszka Kamińska,agnieszka.kaminska343@example.test,+48814716217,Poznań,ul. Leśna 61/8,2024-02-21,Schody Zabiegowe,Buk,32477,
WS-0344,Andrzej Szymański,andrzej.szymanski344@example.test,+48814724136,Szczecin,ul. Ogrodowa 74/25,2025-09-05,Schody Dwubiegowe,Jesion + Szkło,34216,
WS-0345,Aleksandra Kozłowski,aleksandra.kozlowski345@example.test,+48814732055,Kielce,ul. Jesionowa 87/42,2021-04-16,Schody Spiralne,Dąb,35955,
WS-0346,Michał Krawczyk,michal.krawczyk346@example.test,+48814739974,Wrocław,ul. Brzozowa 12/7,2022-11-27,Schody Na Policzkach,Buk,37694,
WS-0347,Ewa Pawlak,ewa.pawlak347@example.test,+48814747893,Lublin,ul. Wiosenna 25/24,2023-06-11,Schody Dywanowe,Jesion + Szkło,39433,
WS-0348,Adam Wieczorek,adam.wieczorek348@example.test,,Olsztyn,ul. Akacjowa 38/41,2024-01-22,Schody Proste,Dąb,41172,missing_phone
WS-0349,Natalia Kubiak,natalia.kubiak349@example.test,+48814763731,Kraków,ul. Sosnowa 51/6,2025-08-06,Schody Zabiegowe,Buk,42911,
WS-0350,Jakub Kowalski,jakub.kowalski350@example.test,+48814771650,Łódź,ul. Kwiatowa 64/23,2021-03-17,Schody Dwubiegowe,Jesion + Szkło,44650,
WS-0351,Karolina Wójcik,karolina.wojcik351@example.test,+48814779569,Toruń,ul. Nad Rzeką 77/40,2022-10-01,Schody Spiralne,Dąb,46389,
WS-0352,Kamil Zielińska,kamil.zielinska352@example.test,+48814787488,Warszawa,ul. Klonowa 2/5,2023-05-12,Schody Na Policzkach,Buk,48128,
WS-0353,Julia Dąbrowska,julia.dabrowska353@example.test,+48814795407,Katowice,ul. Spacerowa 15/22,2024-12-23,Schody Dywanowe,Jesion + Szkło,49867,
WS-0354,Damian Mazur,damian.mazur354@example.test,+48814803326,Rzeszów,ul. Kamienna 28/39,2025-07-07,Schody Proste,Dąb,51606,
WS-0355,Oliwia Grabowska,oliwia.grabowska355@example.test,+48814811245,Bydgoszcz,ul. Lipowa 41/4,2021-02-18,Schody Zabiegowe,Buk,53345,
WS-0356,Rafał Król,rafal.krol356@example.test,+48814819164,Gdańsk,ul. Modrzewiowa 54/21,2022-09-02,Schody Dwubiegowe,Jesion + Szkło,55084,
WS-0357,Beata Zając,beata.zajac357@example.test,+48814827083,Białystok,ul. Jasna 67/38,2023-04-13,Schody Spiralne,Dąb,56823,
WS-0358,Wojciech Sikora,wojciech.sikora358@example.test,+48814835002,Opole,ul. Polna 80/3,2024-11-24,Schody Na Policzkach,Buk,58562,
WS-0359,Elżbieta Wiśniewski,elzbieta.wisniewski359@example.test,+48814842921,Poznań,ul. Parkowa 5/20,2025-06-08,Schody Dywanowe,Jesion + Szkło,60301,
WS-0360,Jan Lewandowski,jan.lewandowski360@example.test,+48814850840,Szczecin,ul. Dębowa 18/37,2021-01-19,Schody Proste,Dąb,62040,
WS-0361,Katarzyna Woźniak,katarzyna.wozniak361@example.test,+48814858759,Kielce,ul. Słoneczna 31/2,2022-08-03,Schody Zabiegowe,Buk,63779,
WS-0362,Tomasz Jankowska,tomasz.jankowska362@example.test,+48814866678,Wrocław,ul. Zaciszna 44/19,2023-03-14,Schody Dwubiegowe,Jesion + Szkło,65518,
WS-0363,Agnieszka Piotrowski,agnieszka.piotrowski363@example.test,+48814874597,Lublin,ul. Leśna 57/36,2024-10-25,Schody Spiralne,Dąb,67257,
WS-0364,Andrzej Michalski,andrzej.michalski364@example.test,+48814882516,Olsztyn,ul. Ogrodowa 70/1,2025-05-09,Schody Na Policzkach,Buk,68996,
WS-0365,Aleksandra Jabłońska,aleksandra.jablonska365@example.test,+48814890435,Kraków,ul. Jesionowa 83/18,2021-12-20,Schody Dywanowe,Jesion + Szkło,70735,
WS-0366,Michał Maciejewska,michal.maciejewska366@example.test,+48814898354,Łódź,ul. Brzozowa 8/35,2022-07-04,Schody Proste,Dąb,72474,
WS-0367,Ewa Nowak,ewa.nowak367@example.test,+48814906273,Toruń,ul. Wiosenna 21/52,2023-02-15,Schody Zabiegowe,Buk,74213,
WS-0368,Adam Kamińska,adam.kaminska368@example.test,+48814914192,Warszawa,ul. Akacjowa 34/17,2024-09-26,Schody Dwubiegowe,Jesion + Szkło,75952,
WS-0369,Natalia Szymański,natalia.szymanski369@example.test,+48814922111,Katowice,ul. Sosnowa 47 M. 34,2025-04-10,Schody Spiralne,Dąb,77691,
WS-0370,Jakub Kozłowski,jakub.kozlowski370@example.test,+48814930030,Rzeszów,ul. Kwiatowa 60/51,2021-11-21,Schody Na Policzkach,Buk,79430,
WS-0371,Karolina Krawczyk,karolina.krawczyk371@example.test,+48814937949,Bydgoszcz,ul. Nad Rzeką 73/16,2022-06-05,Schody Dywanowe,Jesion + Szkło,81169,
WS-0372,Kamil Pawlak,,+48814945868,Gdańsk,ul. Klonowa 86/33,2023-01-16,Schody Proste,Dąb,82908,missing_email
WS-0373,Julia Wieczorek,julia.wieczorek373@example.test,+48814953787,Białystok,ul. Spacerowa 11/50,2024-08-27,Schody Zabiegowe,Buk,84647,
WS-0374,Damian Kubiak,damian.kubiak374@example.test,+48814961706,Opole,ul. Kamienna 24/15,2025-03-11,Schody Dwubiegowe,Jesion + Szkło,86386,
WS-0375,Oliwia Kowalski,oliwia.kowalski375@example.test,+48814969625,Poznań,ul. Lipowa 37/32,2021-10-22,Schody Spiralne,Dąb,88125,
WS-0376,Rafał Wójcik,rafal.wojcik376@example.test,+48814977544,Szczecin,ul. Modrzewiowa 50/49,2022-05-06,Schody Na Policzkach,Buk,89 864 PLN,
WS-0377,Beata Zielińska,beata.zielinska377@example.test,,Kielce,ul. Jasna 63/14,2023-12-17,Schody Dywanowe,Jesion + Szkło,91603,missing_phone
WS-0378,Wojciech Dąbrowska,wojciech.dabrowska378@example.test,+48814993382,Wrocław,ul. Polna 76/31,2024-07-01,Schody Proste,Dąb,93342,
WS-0379,Elżbieta Mazur,elzbieta.mazur379@example.test,+48815001301,Lublin,ul. Parkowa 89/48,2025-02-12,Schody Zabiegowe,Buk,95081,
WS-0380,Jan Grabowska,jan.grabowska380@example.test,+48815009220,Olsztyn,ul. Dębowa 14/13,2021-09-23,Schody Dwubiegowe,Jesion + Szkło,96820,
WS-0381,Katarzyna Król,katarzyna.krol381@example.test,+48815017139,Kraków,ul. Słoneczna 27/30,2022-04-07,Schody Spiralne,Dąb,98559,
WS-0382,Tomasz Zając,tomasz.zajac382@example.test,+48815025058,Łódź,ul. Zaciszna 40/47,2023-11-18,Schody Na Policzkach,Buk,100298,
WS-0383,Agnieszka Sikora,agnieszka.sikora383@example.test,+48815032977,Toruń,ul. Leśna 53/12,2024-06-02,Schody Dywanowe,Jesion + Szkło,102037,
WS-0384,Andrzej Wiśniewski,andrzej.wisniewski384@example.test,+48815040896,Warszawa,ul. Ogrodowa 66/29,2025-01-13,Schody Proste,Dąb,103776,
WS-0385,Aleksandra Lewandowski,aleksandra.lewandowski385@example.test,+48815048815,Katowice,ul. Jesionowa 79/46,2021-08-24,Schody Zabiegowe,Buk,105515,
WS-0386,Michał Woźniak,michal.wozniak386@example.test,+48815056734,Rzeszów,ul. Brzozowa 4/11,2022-03-08,Schody Dwubiegowe,Jesion + Szkło,107254,
WS-0387,Ewa Jankowska,ewa.jankowska387@example.test,+48815064653,Bydgoszcz,ul. Wiosenna 17/28,2023-10-19,Schody Spiralne,Dąb,108993,
WS-0388,Adam Piotrowski,adam.piotrowski388@example.test,+48815072572,Gdańsk,ul. Akacjowa 30/45,2024-05-03,Schody Na Policzkach,Buk,110732,
WS-0389,Natalia Michalski,natalia.michalski389@example.test,+48815080491,Białystok,ul. Sosnowa 43/10,2025-12-14,Schody Dywanowe,Jesion + Szkło,112471,
WS-0390,Jakub Jabłońska,jakub.jablonska390@example.test,+48815088410,Opole,ul. Kwiatowa 56/27,2021-07-25,Schody Proste,Dąb,114210,
WS-0391,Karolina Maciejewska,karolina.maciejewska391@example.test,+48815096329,Poznań,ul. Nad Rzeką 69/44,2022-02-09,Schody Zabiegowe,Buk,18949,
WS-0392,Kamil Nowak,kamil.nowak392@example.test,+48815104248,Szczecin,ul. Klonowa 82/9,2023-09-20,Schody Dwubiegowe,Jesion + Szkło,20688,
WS-0393,Julia Kamińska,julia.kaminska393@example.test,+48815112167,Kielce,ul. Spacerowa 7/26,2024-04-04,Schody Spiralne,Dąb,22427,
WS-0394,Damian Szymański,damian.szymanski394@example.test,+48815120086,Wrocław,ul. Kamienna 20/43,2025-11-15,Schody Na Policzkach,Buk,24166,
WS-0395,Oliwia Kozłowski,oliwia.kozlowski395@example.test,+48815128005,Lublin,ul. Lipowa 33/8,2021-06-26,Schody Dywanowe,Jesion + Szkło,25905,
WS-0396,Rafał Krawczyk,rafal.krawczyk396@example.test,+48815135924,Olsztyn,ul. Modrzewiowa 46/25,2022-01-10,Schody Proste,Dąb,27644,
WS-0397,Beata Pawlak,beata.pawlak397@example.test,+48815143843,Kraków,ul. Jasna 59/42,2023-08-21,Schody Zabiegowe,Buk,29383,
WS-0398,Wojciech Wieczorek,wojciech.wieczorek398@example.test,+48815151762,Łódź,ul. Polna 72/7,2024-03-05,Schody Dwubiegowe,Jesion + Szkło,31122,
WS-0399,Elżbieta Kubiak,elzbieta.kubiak399@example.test,+48815159681,Toruń,ul. Parkowa 85/24,2025-10-16,Schody Spiralne,Dąb,32861,
WS-0400,Jan Kowalski,jan.kowalski400@example.test,+48915167600,Warszawa,ul. Dębowa 10/41,2021-05-27,Schody Na Policzkach,Buk,34600,
WS-0401,Katarzyna Wójcik,katarzyna.wojcik401@example.test,+48915175519,Katowice,ul. Słoneczna 23/6,2022-12-11,Schody Dywanowe,Jesion + Szkło,36339,
WS-0402,Tomasz Zielińska,tomasz.zielinska402@example.test,+48915183438,Rzeszów,ul. Zaciszna 36/23,2023-07-22,Schody Proste,Dąb,38078,
WS-0403,Agnieszka Dąbrowska,,+48915191357,Bydgoszcz,ul. Leśna 49/40,2024-02-06,Schody Zabiegowe,Buk,39817,missing_email
WS-0404,Andrzej Mazur,andrzej.mazur404@example.test,+48915199276,Gdańsk,ul. Ogrodowa 62/5,2025-09-17,Schody Dwubiegowe,Jesion + Szkło,41556,
WS-0405,Aleksandra Grabowska,aleksandra.grabowska405@example.test,+48915207195,Białystok,ul. Jesionowa 75/22,2021-04-01,Schody Spiralne,Dąb,43295,
WS-0406,Michał Król,michal.krol406@example.test,,Opole,ul. Brzozowa 88/39,2022-11-12,Schody Na Policzkach,Buk,45034,missing_phone
WS-0407,Ewa Zając,ewa.zajac407@example.test,+48915223033,Poznań,ul. Wiosenna 13/4,2023-06-23,Schody Dywanowe,Jesion + Szkło,46773,
WS-0408,Adam Sikora,adam.sikora408@example.test,+48915230952,Szczecin,ul. Akacjowa 26/21,2024-01-07,Schody Proste,Dąb,48512,
WS-0409,Natalia Wiśniewski,natalia.wisniewski409@example.test,+48915238871,Kielce,ul. Sosnowa 39/38,2025-08-18,Schody Zabiegowe,Buk,50251,
WS-0410,Jakub Lewandowski,jakub.lewandowski410@example.test,+48915246790,Wrocław,ul. Kwiatowa 52 M. 3,2021-03-02,Schody Dwubiegowe,Jesion + Szkło,51990,
WS-0411,Karolina Woźniak,karolina.wozniak411@example.test,+48915254709,Lublin,ul. Nad Rzeką 65/20,2022-10-13,Schody Spiralne,Dąb,53729,
WS-0412,Kamil Jankowska,kamil.jankowska412@example.test,+48915262628,Olsztyn,ul. Klonowa 78/37,2023-05-24,Schody Na Policzkach,Buk,55468,
WS-0413,Julia Piotrowski,julia.piotrowski413@example.test,+48915270547,Kraków,ul. Spacerowa 3/2,2024-12-08,Schody Dywanowe,Jesion + Szkło,57207,
WS-0414,Damian Michalski,damian.michalski414@example.test,+48915278466,Łódź,ul. Kamienna 16/19,2025-07-19,Schody Proste,Dąb,58946,
WS-0415,Oliwia Jabłońska,oliwia.jablonska415@example.test,+48915286385,Toruń,ul. Lipowa 29/36,2021-02-03,Schody Zabiegowe,Buk,60685,
WS-0416,Rafał Maciejewska,rafal.maciejewska416@example.test,+48915294304,Warszawa,ul. Modrzewiowa 42/1,2022-09-14,Schody Dwubiegowe,Jesion + Szkło,62424,
WS-0417,Beata Nowak,beata.nowak417@example.test,+48915302223,Katowice,ul. Jasna 55/18,2023-04-25,Schody Spiralne,Dąb,64163,
WS-0418,Wojciech Kamińska,wojciech.kaminska418@example.test,+48915310142,Rzeszów,ul. Polna 68/35,2024-11-09,Schody Na Policzkach,Buk,65902,
WS-0419,Elżbieta Szymański,elzbieta.szymanski419@example.test,+48915318061,Bydgoszcz,ul. Parkowa 81/52,2025-06-20,Schody Dywanowe,Jesion + Szkło,67641,
WS-0420,Jan Kozłowski,jan.kozlowski420@example.test,+48915325980,Gdańsk,ul. Dębowa 6/17,2021-01-04,Schody Proste,Dąb,69380,
WS-0421,Katarzyna Krawczyk,katarzyna.krawczyk421@example.test,+48915333899,Białystok,ul. Słoneczna 19/34,2022-08-15,Schody Zabiegowe,Buk,71119,
WS-0422,Tomasz Pawlak,tomasz.pawlak422@example.test,+48915341818,Opole,ul. Zaciszna 32/51,2023-03-26,Schody Dwubiegowe,Jesion + Szkło,72858,
WS-0423,Agnieszka Wieczorek,agnieszka.wieczorek423@example.test,+48915349737,Poznań,ul. Leśna 45/16,2024-10-10,Schody Spiralne,Dąb,74 597 PLN,
WS-0424,Andrzej Kubiak,andrzej.kubiak424@example.test,+48915357656,Szczecin,ul. Ogrodowa 58/33,2025-05-21,Schody Na Policzkach,Buk,76336,
WS-0425,Aleksandra Kowalski,aleksandra.kowalski425@example.test,+48915365575,Kielce,ul. Jesionowa 71/50,2021-12-05,Schody Dywanowe,Jesion + Szkło,78075,
WS-0426,Michał Wójcik,michal.wojcik426@example.test,+48915373494,Wrocław,ul. Brzozowa 84/15,2022-07-16,Schody Proste,Dąb,79814,
WS-0427,Ewa Zielińska,ewa.zielinska427@example.test,+48915381413,Lublin,ul. Wiosenna 9/32,2023-02-27,Schody Zabiegowe,Buk,81553,
WS-0428,Adam Dąbrowska,adam.dabrowska428@example.test,+48915389332,Olsztyn,ul. Akacjowa 22/49,2024-09-11,Schody Dwubiegowe,Jesion + Szkło,83292,
WS-0429,Natalia Mazur,natalia.mazur429@example.test,+48915397251,Kraków,ul. Sosnowa 35/14,2025-04-22,Schody Spiralne,Dąb,85031,
WS-0430,Jakub Grabowska,jakub.grabowska430@example.test,+48915405170,Lodz,ul. Kwiatowa 48/31,2021-11-06,Schody Na Policzkach,Buk,86770,
WS-0431,Karolina Król,karolina.krol431@example.test,+48915413089,Toruń,ul. Nad Rzeką 61/48,2022-06-17,Schody Dywanowe,Jesion + Szkło,88509,
WS-0432,Kamil Zając,kamil.zajac432@example.test,+48915421008,Warszawa,ul. Klonowa 74/13,2023-01-01,Schody Proste,Dąb,90248,
WS-0433,Julia Sikora,julia.sikora433@example.test,+48915428927,Katowice,ul. Spacerowa 87/30,2024-08-12,Schody Zabiegowe,Buk,91987,
WS-0434,Damian Wiśniewski,,+48915436846,Rzeszów,ul. Kamienna 12/47,2025-03-23,Schody Dwubiegowe,Jesion + Szkło,93726,missing_email
WS-0435,Oliwia Lewandowski,oliwia.lewandowski435@example.test,,Bydgoszcz,ul. Lipowa 25/12,2021-10-07,Schody Spiralne,Dąb,95465,missing_phone
WS-0436,Rafał Woźniak,rafal.wozniak436@example.test,+48915452684,Gdańsk,ul. Modrzewiowa 38/29,2022-05-18,Schody Na Policzkach,Buk,97204,
WS-0437,Beata Jankowska,beata.jankowska437@example.test,+48915460603,Białystok,ul. Jasna 51/46,2023-12-02,Schody Dywanowe,Jesion + Szkło,98943,
WS-0438,Wojciech Piotrowski,wojciech.piotrowski438@example.test,+48915468522,Opole,ul. Polna 64/11,2024-07-13,Schody Proste,Dąb,100682,
WS-0439,Elżbieta Michalski,elzbieta.michalski439@example.test,+48915476441,Poznań,ul. Parkowa 77/28,2025-02-24,Schody Zabiegowe,Buk,102421,
WS-0440,Jan Jabłońska,jan.jablonska440@example.test,+48915484360,Szczecin,ul. Dębowa 2/45,2021-09-08,Schody Dwubiegowe,Jesion + Szkło,104160,
WS-0441,Katarzyna Maciejewska,katarzyna.maciejewska441@example.test,+48915492279,Kielce,ul. Słoneczna 15/10,2022-04-19,Schody Spiralne,Dąb,105899,
WS-0442,Tomasz Nowak,tomasz.nowak442@example.test,+48915500198,Wrocław,ul. Zaciszna 28/27,2023-11-03,Schody Na Policzkach,Buk,107638,
WS-0443,Agnieszka Kamińska,agnieszka.kaminska443@example.test,+48915508117,Lublin,ul. Leśna 41/44,2024-06-14,Schody Dywanowe,Jesion + Szkło,109377,
WS-0444,Andrzej Szymański,andrzej.szymanski444@example.test,+48915516036,Olsztyn,ul. Ogrodowa 54/9,2025-01-25,Schody Proste,Dąb,111116,
WS-0445,Aleksandra Kozłowski,aleksandra.kozlowski445@example.test,+48915523955,Kraków,ul. Jesionowa 67/26,2021-08-09,Schody Zabiegowe,Buk,112855,
WS-0446,Michał Krawczyk,michal.krawczyk446@example.test,+48915531874,Łódź,ul. Brzozowa 80/43,2022-03-20,Schody Dwubiegowe,Jesion + Szkło,114594,
WS-0447,Ewa Pawlak,ewa.pawlak447@example.test,+48915539793,Toruń,ul. Wiosenna 5/8,2023-10-04,Schody Spiralne,Dąb,19333,
WS-0448,Adam Wieczorek,adam.wieczorek448@example.test,+48915547712,Warszawa,ul. Akacjowa 18/25,2024-05-15,Schody Na Policzkach,Buk,21072,
WS-0449,Natalia Kubiak,natalia.kubiak449@example.test,+48915555631,Katowice,ul. Sosnowa 31/42,2025-12-26,Schody Dywanowe,Jesion + Szkło,22811,
WS-0450,Jakub Kowalski,jakub.kowalski450@example.test,+48915563550,Rzeszów,ul. Kwiatowa 44/7,2021-07-10,Schody Proste,Dąb,24550,
LEG-001,Andrzej Mazur,,,Gdańsk,ul. Ogrodowa 54/17,2025-05-18,Schody Na Policzkach,Buk,24956,missing_email;missing_phone
LEG-002,Kamil Jankowska,kamil.jankowska12@example.test,+48512095028,Olsztyn,ul. Klonowa 70/49,2023-01-25,Schody Proste,Dąb,38868,
LEG-003,Jan Kozłowski,jan.kozlowski20@example.test,+48533000274,Gdańsk,ul. Dębowa 86/29,2021-09-05,Schody Dwubiegowe,Jesion + Szkło,52780,
LEG-004,Adam Dąbrovska,adam.dabrowska28@example.test,+48512221732,Olsztyn,ul. Akacjowa 14/9,2024-05-12,Schody Na Policzkach,Buk,66692,
LEG-005,Rafał Woźniak,rafal.wozniak36@example.test,+48512285084,Gdańsk,ul. Modrzewiowa 30/41,2022-01-19,Schody Proste,Dąb,80604,
LEG-006,Andrzej Szymńsk,andrzej.szymanski44@example.test,+48512348436,Olsztyn,ul. Ogrodowa 46/21,2025-09-26,Schody Dwubiegowe,Jesion + Szkło,94516,
LEG-007,Kamil Zielińska,kamil.zielinska52@example.test,+48512411788,Gdańsk,ul. Klonowa 62/1,2023-05-06,Schody Na Policzkach,Buk,108428,
LEG-008,Jan Lewandowski,jan.lewandowski60@example.test,+48533000959,Olsztyn,ul. Dębowa 78/33,2021-01-13,Schody Proste,Dąb,25340,
LEG-009,Adam Kamińska,adam.kaminska68@example.test,+48512538492,Gdańsk,ul. Akacjowa 6/13,2024-09-20,Schody Dwubiegowe,Jesion + Szkło,39252,
LEG-010,Rafał Wójcik,rafal.wojcik76@example.test,,Olsztyn,ul. Modrzewiowa 22/45,2022-05-27,Schody Na Policzkach,Buk,53164,missing_phone
LEG-011,Andrzej Wśniewski,andrzej.wisniewski84@example.test,+48512665196,Gdańsk,ul. Ogrodowa 38/25,2025-01-07,Schody Proste,Dąb,67076,
LEG-012,Kamil Nowak,,+48512728548,Olsztyn,ul. Klonowa 54/5,2023-09-14,Schody Dwubiegowe,Jesion + Szkło,80988,missing_email
LEG-013,Jan Kowalski,jan.kowalski100@example.test,+48533001644,Gdańsk,ul. Dębowa 70/37,2021-05-21,Schody Na Policzkach,Buk,94900,
LEG-014,Adam Sikora,adam.sikora108@example.test,+48612855252,Olsztyn,ul. Akacjowa 86/17,2024-01-01,Schody Proste,Dąb,108812,
LEG-015,Rafał Maciejewska,rafal.maciejewska116@example.test,,Gdańsk,ul. Modrzewiowa 14/49,2022-09-08,Schody Dwubiegowe,Jesion + Szkło,25724,missing_phone
LEG-016,Andrzej Kubiak,,+48612981956,Olsztyn,ul. Ogrodowa 30/29,2025-05-15,Schody Na Policzkach,Buk,39636,missing_email
LEG-017,Kamil Zając,kamil.zajac132@example.test,+48613045308,Gdańsk,ul. Klonowa 46/9,2023-01-22,Schody Proste,Dąb,53548,
LEG-018,Jan Jabłońska,jan.jablonska140@example.test,+48533002329,Olsztyn,ul. Dębowa 62/41,2021-09-02,Schody Dwubiegowe,Jesion + Szkło,67460,
LEG-019,Adam Wieczorek,adam.wieczorek148@example.test,,Gdańsk,ul. Akacjowa 78/21,2024-05-09,Schody Na Policzkach,Buk,81372,missing_phone
LEG-020,Rafał Król,rafal.krol156@example.test,+48613235364,Olsztyn,ul. Modrzewiowa 6/1,2022-01-16,Schody Proste,Dąb,95284,
LEG-021,Andrzej Michalsk,andrzej.michalski164@example.test,+48613298716,Gdańsk,ul. Ogrodowa 22 M. 33,2025-09-23,Schody Dwubiegowe,Jesion + Szkło,109196,
LEG-022,Kamil Pawlak,kamil.pawlak172@example.test,+48613362068,Olsztyn,ul. Klonowa 38/13,2023-05-03,Schody Na Policzkach,Buk,26108,
LEG-023,Jan Grabowska,,+48533003014,Gdańsk,ul. Dębowa 54/45,2021-01-10,Schody Proste,Dąb,40020,missing_email
LEG-024,Adam Piotrovski,adam.piotrowski188@example.test,+48613488772,Olsztyn,ul. Akacjowa 70/25,2024-09-17,Schody Dwubiegowe,Jesion + Szkło,53 932 PLN,
LEG-025,Rafał Krawczyk,rafal.krawczyk196@example.test,+48613552124,Gdańsk,ul. Modrzewiowa 86/5,2022-05-24,Schody Na Policzkach,Buk,67844,
LEG-026,Andrzej Mazur,andrzej.mazur204@example.test,+48713615476,Olsztyn,ul. Ogrodowa 14/37,2025-01-04,Schody Proste,Dąb,81756,
LEG-027,Kamil Jankowska,kamil.jankowska212@example.test,+48713678828,Gdańsk,ul. Klonowa 30/17,2023-09-11,Schody Dwubiegowe,Jesion + Szkło,95668,
LEG-028,Jan Kozłowski,jan.kozlowski220@example.test,,Olsztyn,ul. Dębowa 46/49,2021-05-18,Schody Na Policzkach,Buk,109580,missing_phone
LEG-029,Adam Dąbrovska,adam.dabrowska228@example.test,+48713805532,Gdańsk,ul. Akacjowa 62/29,2024-01-25,Schody Proste,Dąb,26492,
LEG-030,Rafał Woźniak,rafal.wozniak236@example.test,+48713868884,Olsztyn,ul. Modrzewiowa 78/9,2022-09-05,Schody Dwubiegowe,Jesion + Szkło,40404,
LEG-031,Andrzej Szymńsk,andrzej.szymanski244@example.test,+48713932236,Gdańsk,ul. Ogrodowa 6/41,2025-05-12,Schody Na Policzkach,Buk,54316,
LEG-032,Kamil Zielińska,kamil.zielinska252@example.test,+48713995588,Olsztyn,ul. Klonowa 22/21,2023-01-19,Schody Proste,Dąb,68228,
LEG-033,Jan Lewandowski,jan.lewandowski260@example.test,+48533004384,Gdańsk,ul. Dębowa 38/1,2021-09-26,Schody Dwubiegowe,Jesion + Szkło,82140,
LEG-034,Adam Kamińska,,+48714122292,Olsztyn,ul. Akacjowa 54/33,2024-05-06,Schody Na Policzkach,Buk,96052,missing_email
LEG-035,Rafał Wójcik,rafal.wojcik276@example.test,+48714185644,Gdańsk,ul. Modrzewiowa 70/13,2022-01-13,Schody Proste,Dąb,109964,
LEG-036,Andrzej Wśniewski,andrzej.wisniewski284@example.test,+48714248996,Olsztyn,ul. Ogrodowa 86/45,2025-09-20,Schody Dwubiegowe,Jesion + Szkło,26876,
LEG-037,Kamil Nowak,kamil.nowak292@example.test,,Gdańsk,ul. Klonowa 14/25,2023-05-27,Schody Na Policzkach,Buk,40788,missing_phone
LEG-038,Jan Kowalski,jan.kowalski300@example.test,+48533005069,Olsztyn,ul. Dębowa 30/5,2021-01-07,Schody Proste,Dąb,54700,
LEG-039,Adam Sikora,adam.sikora308@example.test,+48814439052,Gdańsk,ul. Akacjowa 46/37,2024-09-14,Schody Dwubiegowe,Jesion + Szkło,68612,
LEG-040,Rafał Maciejewska,rafal.maciejewska316@example.test,+48814502404,Olsztyn,ul. Modrzewiowa 62/17,2022-05-21,Schody Na Policzkach,Buk,82524,
LEG-041,Andrzej Kubiak,andrzej.kubiak324@example.test,+48814565756,Gdańsk,ul. Ogrodowa 78/49,2025-01-01,Schody Proste,Dąb,96436,
LEG-042,Kamil Zając,kamil.zajac332@example.test,+48814629108,Olsztyn,ul. Klonowa 6/29,2023-09-08,Schody Dwubiegowe,Jesion + Szkło,110348,
LEG-043,Jan Jabłońska,jan.jablonska340@example.test,+48533005754,Gdańsk,ul. Dębowa 22/9,2021-05-15,Schody Na Policzkach,Buk,27260,
LEG-044,Adam Wieczorek,adam.wieczorek348@example.test,+48544006407,Olsztyn,ul. Akacjowa 38/41,2024-01-22,Schody Proste,Dąb,41172,
LEG-045,Rafał Król,,+48814819164,Gdańsk,ul. Modrzewiowa 54/21,2022-09-02,Schody Dwubiegowe,Jesion + Szkło,55084,missing_email
LEG-046,Andrzej Michalsk,andrzej.michalski364@example.test,,Olsztyn,ul. Ogrodowa 70/1,2025-05-09,Schody Na Policzkach,Buk,68996,missing_phone
LEG-047,Kamil Pawlak,kamil.pawlak@example.test,+48814945868,Gdańsk,ul. Klonowa 86/33,2023-01-16,Schody Proste,Dąb,82908,
LEG-048,Jan Grabowska,jan.grabowska380@example.test,+48533006439,Olsztyn,ul. Dębowa 14/13,2021-09-23,Schody Dwubiegowe,Jesion + Szkło,96820,
LEG-049,Adam Piotrovski,adam.piotrowski388@example.test,+48815072572,Gdańsk,ul. Akacjowa 30/45,2024-05-03,Schody Na Policzkach,Buk,110732,
LEG-050,Rafał Krawczyk,rafal.krawczyk396@example.test,+48815135924,Olsztyn,ul. Modrzewiowa 46/25,2022-01-10,Schody Proste,Dąb,27644,
