customer_id,name,email,phone,city,address,created_at,staircase_type,material,budget_pln
WS-0001,Katarzyna Wójcik,katarzyna.wojcik1@example.test,+48 512 007 919,Katowice,ul. Słoneczna 15/18,2022-08-12,Schody zabiegowe,Buk,19739
WS-0002,Tomasz Zielińska,tomasz.zielinska2@example.test,+48 512 015 838,Rzeszów,ul. Zaciszna 28/35,2023-03-23,Schody dwubiegowe,Jesion + szkło,21478
WS-0003,Agnieszka Dąbrowska,agnieszka.dabrowska3@example.test,+48 512 023 757,Bydgoszcz,ul. Leśna 41/52,2024-10-07,Schody spiralne,Dąb,23217
WS-0004,Andrzej Mazur,andrzej.mazur4@example.test,+48 512 031 676,Gdańsk,ul. Ogrodowa 54/17,2025-05-18,Schody na policzkach,Buk,24956
WS-0005,ALEKSANDRA GRABOWSKA,aleksandra.grabowska5@example.test,+48 512 039 595,Białystok,ul. Jesionowa 67/34,2021-12-02,Schody dywanowe,Jesion + szkło,26695
WS-0006,Michał Król,michal.krol6@example.test,+48 512 047 514,Opole,ul. Brzozowa 80/51,2022-07-13,Schody proste,Dąb,28434
WS-0007, Ewa Zając ,ewa.zajac7@example.test,+48 512 055 433,Poznań,ul. Wiosenna 5/16,2023-02-24,Schody zabiegowe,Buk,30173
WS-0008,Adam Sikora,adam.sikora8@example.test,+48 512 063 352,Szczecin,ul. Akacjowa 18/33,2024-09-08,Schody dwubiegowe,Jesion + szkło,31912
WS-0009,Natalia Wiśniewski,natalia.wisniewski9@example.test,+48 512 071 271,Kielce,ul. Sosnowa 31/50,2025-04-19,Schody spiralne,Dąb,33651
WS-0010,JAKUB LEWANDOWSKI,jakub.lewandowski10@example.test,+48 512 079 190,Wrocław,ul. Kwiatowa 44/15,2021-11-03,Schody na policzkach,Buk,35390
WS-0011,Karolina Woźniak,KAROLINA.WOZNIAK11@EXAMPLE.TEST,+48 512 087 109,Lublin,ul. Nad Rzeką 57/32,2022-06-14,Schody dywanowe,Jesion + szkło,37129
WS-0012,Kamil Jankowska,kamil.jankowska12@example.test,+48 512 095 028,Olsztyn,ul. Klonowa 70/49,2023-01-25,Schody proste,Dąb,38868
WS-0013,Julia Piotrowski, julia.piotrowski13@example.test ,+48 512 102 947,Kraków,ul. Spacerowa 83/14,2024-08-09,Schody zabiegowe,Buk,40607
WS-0014, Damian Michalski ,damian.michalski14@example.test,+48 512 110 866,Łódź,ul. Kamienna 8/31,2025-03-20,Schody dwubiegowe,Jesion + szkło,42346
WS-0015,OLIWIA JABŁOŃSKA,oliwia.jablonska15@example.test,+48 512 118 785,Toruń,ul. Lipowa 21/48,2021-10-04,Schody spiralne,Dąb,44085
WS-0016,Rafał Maciejewska,rafal.maciejewska16@example.test,+48 512 126 704,Warszawa,ul. Modrzewiowa 34/13,2022-05-15,Schody na policzkach,Buk,45824
WS-0017,Beata Nowak,beata.nowak17@example.test,0048 512-134-623,Katowice,ul. Jasna 47/30,2023-12-26,Schody dywanowe,Jesion + szkło,47563
WS-0018,Wojciech Kamińska,wojciech.kaminska18@example.test,512 142 542,Rzeszów,ul. Polna 60/47,2024-07-10,Schody proste,Dąb,49302
WS-0019,Elżbieta Szymański,elzbieta.szymanski19@example.test,+48 512 150 461,Bydgoszcz,ul. Parkowa 73/12,21/02/2025,Schody zabiegowe,Buk,51041
WS-0020,JAN KOZŁOWSKI,jan.kozlowski20@example.test,+48 512 158 380,Gdańsk,ul. Dębowa 86/29,2021-09-05,Schody dwubiegowe,Jesion + szkło,52780
WS-0021, Katarzyna Krawczyk ,katarzyna.krawczyk21@example.test,+48 512 166 299,Białystok,ul. Słoneczna 11/46,2022-04-16,Schody spiralne,Dąb,54519
WS-0022,Tomasz Pawlak,TOMASZ.PAWLAK22@EXAMPLE.TEST,+48 512 174 218,opole,ul. Zaciszna 24/11,2023-11-27,Schody na policzkach,Buk,56258
WS-0023,Agnieszka Wieczorek,agnieszka.wieczorek23@example.test,+48 512 182 137,Poznań,ul. Leśna 37/28,11.06.2024,Schody dywanowe,Jesion + szkło,57997
WS-0024,Andrzej Kubiak,andrzej.kubiak24@example.test,+48 512 190 056,Szczecin,ul. Ogrodowa 50/45,2025-01-22,Schody proste,Dąb,59736
WS-0025,ALEKSANDRA KOWALSKI,aleksandra.kowalski25@example.test,+48 512 197 975,Kielce,ul. Jesionowa 63/10,2021-08-06,Schody zabiegowe,Buk,61475
WS-0026,Michał Wójcik, michal.wojcik26@example.test ,+48 512 205 894,Wrocław,ul. Brzozowa 76/27,2022-03-17,Schody dwubiegowe,Jesion + szkło,63214
WS-0027,Ewa Zielińska,ewa.zielinska27@example.test,+48 512 213 813, LUBLIN ,ul. Wiosenna 89/44,2023-10-01,Schody spiralne,Dąb,64953
WS-0028, Adam Dąbrowska ,adam.dabrowska28@example.test,+48 512 221 732,Olsztyn,ul. Akacjowa 14/9,2024-05-12,Schody na policzkach,Buk,66692
WS-0029,Natalia Mazur,natalia.mazur29@example.test,,Kraków,ul. Sosnowa 27/26,2025-12-23,Schody dywanowe,Jesion + szkło,68431
WS-0030,JAKUB GRABOWSKA,jakub.grabowska30@example.test,+48 512 237 570,Łódź,ul. Kwiatowa 40/43,2021-07-07,Schody proste,Dąb,70170
WS-0031,Karolina Król,,+48 512 245 489,Toruń,ul. Nad Rzeką 53/8,2022-02-18,Schody zabiegowe,Buk,71909
WS-0032,Kamil Zając,kamil.zajac32@example.test,+48 512 253 408,Warszawa,UL. Klonowa 66/25,2023-09-02,Schody dwubiegowe,Jesion + szkło,73648
WS-0033,Julia Sikora,JULIA.SIKORA33@EXAMPLE.TEST,+48 512 261 327,Katowice,ul. Spacerowa 79/42,2024-04-13,Schody spiralne,Dąb,75387
WS-0034,Damian Wiśniewski,damian.wisniewski34@example.test,0048 512-269-246,Rzeszów,ul. Kamienna 4/7,2025-11-24,Schody na policzkach,Buk,77126
WS-0035, OLIWIA LEWANDOWSKI ,oliwia.lewandowski35@example.test,+48 512 277 165,Bydgoszcz,ul. Lipowa 17/24,2021-06-08,Schody dywanowe,Jesion + szkło,78865
WS-0036,Rafał Woźniak,rafal.wozniak36@example.test,512 285 084,Gdańsk,ul. Modrzewiowa 30/41,2022-01-19,Schody proste,Dąb,80604
WS-0037,Beata Jankowska,beata.jankowska37@example.test,+48 512 293 003,Białystok,ul. Jasna 43/6,2023/08/03,Schody zabiegowe,Buk,82343
WS-0038,Wojciech Piotrowski,wojciech.piotrowski38@example.test,+48 512 300 922,Opole,ul. Polna 56/23,14/03/2024,Schody dwubiegowe,Jesion + szkło,84082
WS-0039,Elżbieta Michalski, elzbieta.michalski39@example.test ,+48 512 308 841,Poznań,ul. Parkowa 69/40,2025-10-25,Schody spiralne,Dąb,85821
WS-0040,JAN JABŁOŃSKA,jan.jablonska40@example.test,+48 512 316 760,Szczecin,ul. Dębowa 82/5,2021-05-09,Schody na policzkach,Buk,87560
WS-0041,Katarzyna Maciejewska,katarzyna.maciejewska41@example.test,+48 512 324 679,Kielce,ul. Słoneczna 7 m. 22,2022-12-20,Schody dywanowe,Jesion + szkło,89299
WS-0042, Tomasz Nowak ,tomasz.nowak42@example.test,+48 512 332 598,Wrocław,ul. Zaciszna 20/39,2023-07-04,Schody proste,Dąb,91038
WS-0043,Agnieszka Kamińska,agnieszka.kaminska43@example.test,+48 512 340 517,Lublin,ul. Leśna 33/4,2024-02-15,Schody zabiegowe,Buk,92777
WS-0044,Andrzej Szymański,ANDRZEJ.SZYMANSKI44@EXAMPLE.TEST,+48 512 348 436,olsztyn,ul. Ogrodowa 46/21,2025-09-26,Schody dwubiegowe,Jesion + szkło,94516
WS-0045,ALEKSANDRA KOZŁOWSKI,aleksandra.kozlowski45@example.test,+48 512 356 355,Kraków,ul. Jesionowa 59/38,2021-04-10,Schody spiralne,Dąb,96255
WS-0046,Michał Krawczyk,michal.krawczyk46@example.test,+48 512 364 274,Łódź,ul. Brzozowa 72/3,21.11.2022,Schody na policzkach,Buk,97994
WS-0047,Ewa Pawlak,ewa.pawlak47@example.test,+48 512 372 193,Toruń,ul. Wiosenna 85/20,2023-06-05,Schody dywanowe,Jesion + szkło,99 733 PLN
WS-0048,Adam Wieczorek,adam.wieczorek48@example.test,+48 512 380 112,Warszawa,ul. Akacjowa 10/37,2024-01-16,Schody proste,Dąb,101472
WS-0049, Natalia Kubiak ,natalia.kubiak49@example.test,+48 512 388 031,Katowice,ul. Sosnowa 23/2,2025-08-27,Schody zabiegowe,Buk,103211
WS-0050,JAKUB KOWALSKI,jakub.kowalski50@example.test,+48 512 395 950,Rzeszów,ul. Kwiatowa 36/19,2021-03-11,Schody dwubiegowe,Jesion + szkło,104950
WS-0051,Karolina Wójcik,karolina.wojcik51@example.test,0048 512-403-869,Bydgoszcz,ul. Nad Rzeką 49/36,2022-10-22,Schody spiralne,Dąb,106689
WS-0052,Kamil Zielińska, kamil.zielinska52@example.test ,+48 512 411 788,Gdańsk,ul. Klonowa 62/1,2023-05-06,Schody na policzkach,Buk,108428
WS-0053,Julia Dąbrowska,julia.dabrowska53@example.test,+48 512 419 707,Białystok,ul. Spacerowa 75/18,2024-12-17,schody dywanowe,Jesion + szkło,110167
WS-0054,Damian Mazur,damian.mazur54@example.test,512 427 626, OPOLE ,ul. Kamienna 88/35,2025-07-01,Schody proste,Dąb,111906
WS-0055,OLIWIA GRABOWSKA,OLIWIA.GRABOWSKA55@EXAMPLE.TEST,+48 512 435 545,Poznań,ul. Lipowa 13/52,2021-02-12,Schody zabiegowe,Buk,113645
WS-0056, Rafał Król ,rafal.krol56@example.test,+48 512 443 464,Szczecin,ul. Modrzewiowa 26/17,2022-09-23,Schody dwubiegowe,Jesion + szkło,18384
WS-0057,Beata Zając,beata.zajac57@example.test,+48 512 451 383,Kielce,ul. Jasna 39/34,07/04/2023,Schody spiralne,Dąb,20123
WS-0058,Wojciech Sikora,wojciech.sikora58@example.test,,Wrocław,ul. Polna 52/51,2024-11-18,Schody na policzkach,Buk,21862
WS-0059,Elżbieta Wiśniewski,elzbieta.wisniewski59@example.test,+48 512 467 221,Lublin,ul. Parkowa 65/16,2025-06-02,Schody dywanowe,jesion + szkło,23601
WS-0060,JAN LEWANDOWSKI,jan.lewandowski60@example.test,+48 512 475 140,Olsztyn,ul. Dębowa 78/33,2021-01-13,Schody proste,Dąb,25340
WS-0061,Katarzyna Woźniak,katarzyna.wozniak61@example.test,+48 512 483 059,Kraków,ul. Słoneczna 3/50,2022-08-24,Schody zabiegowe,Buk,27079
WS-0062,Tomasz Jankowska,,+48 512 490 978,Łódź,ul. Zaciszna 16/15,2023-03-08,Schody dwubiegowe,Jesion + szkło,28818
WS-0063, Agnieszka Piotrowski ,agnieszka.piotrowski63@example.test,+48 512 498 897,Toruń,ul. Leśna 29/32,2024-10-19,Schody spiralne,Dąb,30557
WS-0064,Andrzej Michalski,andrzej.michalski64@example.test,+48 512 506 816,Warszawa,UL. Ogrodowa 42/49,2025-05-03,Schody na policzkach,Buk,32296
WS-0065,ALEKSANDRA JABŁOŃSKA, aleksandra.jablonska65@example.test ,+48 512 514 735,Katowice,ul. Jesionowa 55/14,2021-12-14,Schody dywanowe,Jesion + szkło,34035
WS-0066,Michał Maciejewska,MICHAL.MACIEJEWSKA66@EXAMPLE.TEST,+48 512 522 654,rzeszów,ul. Brzozowa 68/31,2022-07-25,Schody proste,Dąb,35774
WS-0067,Ewa Nowak,ewa.nowak67@example.test,+48 512 530 573,Bydgoszcz,ul. Wiosenna 81/48,2023-02-09,Schody zabiegowe,Buk,37513
WS-0068,Adam Kamińska,adam.kaminska68@example.test,0048 512-538-492,Gdańsk,ul. Akacjowa 6/13,2024-09-20,Schody dwubiegowe,Jesion + szkło,39252
WS-0069,Natalia Szymański,natalia.szymanski69@example.test,+48 512 546 411,Białystok,ul. Sosnowa 19/30,04.04.2025,Schody spiralne,Dąb,40991
WS-0070, JAKUB KOZŁOWSKI ,jakub.kozlowski70@example.test,+48 512 554 330,Opole,ul. Kwiatowa 32/47,2021-11-15,Schody na policzkach,Buk,42730
WS-0071,Karolina Krawczyk,karolina.krawczyk71@example.test,+48 512 562 249,Poznań,ul. Nad Rzeką 45/12,2022-06-26,Schody dywanowe,Jesion + szkło,44469
WS-0072,Kamil Pawlak,kamil.pawlak72@example.test,512 570 168,Szczecin,ul. Klonowa 58/29,2023-01-10,Schody proste,Dąb,46208
WS-0073,Julia Wieczorek,julia.wieczorek73@example.test,+48 512 578 087,Kielce,ul. Spacerowa 71/46,2024-08-21,Schody zabiegowe,Buk,47947
WS-0074,Damian Kubiak,damian.kubiak74@example.test,+48 512 586 006,Wrocław,ul. Kamienna 84/11,2025/03/05,Schody dwubiegowe,Jesion + szkło,49686
WS-0075,OLIWIA KOWALSKI,oliwia.kowalski75@example.test,+48 512 593 925,Lublin,ul. Lipowa 9/28,2021-10-16,Schody spiralne,Dąb,51425
WS-0076,Rafał Wójcik,rafal.wojcik76@example.test,+48 512 601 844,Olsztyn,ul. Modrzewiowa 22/45,27/05/2022,Schody na policzkach,Buk,53164
WS-0077, Beata Zielińska ,BEATA.ZIELINSKA77@EXAMPLE.TEST,+48 512 609 763,Kraków,ul. Jasna 35/10,2023-12-11,Schody dywanowe,Jesion + szkło,54903
WS-0078,Wojciech Dąbrowska, wojciech.dabrowska78@example.test ,+48 512 617 682,Łódź,ul. Polna 48/27,2024-07-22,Schody proste,Dąb,56642
WS-0079,Elżbieta Mazur,elzbieta.mazur79@example.test,+48 512 625 601,Toruń,ul. Parkowa 61/44,2025-02-06,Schody zabiegowe,Buk,58381
WS-0080,JAN GRABOWSKA,jan.grabowska80@example.test,+48 512 633 520,Warszawa,ul. Dębowa 74/9,2021-09-17,Schody dwubiegowe,Jesion + szkło,60120
WS-0081,Katarzyna Król,katarzyna.krol81@example.test,+48 512 641 439, KATOWICE ,ul. Słoneczna 87/26,2022-04-01,Schody spiralne,Dąb,61859
WS-0082,Tomasz Zając,tomasz.zajac82@example.test,+48 512 649 358,Rzeszów,ul. Zaciszna 12 m. 43,2023-11-12,Schody na policzkach,Buk,63598
WS-0083,Agnieszka Sikora,agnieszka.sikora83@example.test,+48 512 657 277,Bydgoszcz,ul. Leśna 25/8,2024-06-23,Schody dywanowe,Jesion + szkło,65337
WS-0084, Andrzej Wiśniewski ,andrzej.wisniewski84@example.test,+48 512 665 196,Gdańsk,ul. Ogrodowa 38/25,2025-01-07,Schody proste,Dąb,67076
WS-0085,ALEKSANDRA LEWANDOWSKI,aleksandra.lewandowski85@example.test,0048 512-673-115,Białystok,ul. Jesionowa 51/42,2021-08-18,Schody zabiegowe,Buk,68815
WS-0086,Michał Woźniak,michal.wozniak86@example.test,+48 512 681 034,Opole,ul. Brzozowa 64/7,2022-03-02,Schody dwubiegowe,Jesion + szkło,70554
WS-0087,Ewa Jankowska,ewa.jankowska87@example.test,,Poznań,ul. Wiosenna 77/24,2023-10-13,Schody spiralne,Dąb,72293
WS-0088,Adam Piotrowski,ADAM.PIOTROWSKI88@EXAMPLE.TEST,+48 512 696 872,szczecin,ul. Akacjowa 2/41,2024-05-24,Schody na policzkach,Buk,74032
WS-0089,Natalia Michalski,natalia.michalski89@example.test,+48 512 704 791,Kielce,ul. Sosnowa 15/6,2025-12-08,Schody dywanowe,Jesion + szkło,75771
WS-0090,JAKUB JABŁOŃSKA,jakub.jablonska90@example.test,512 712 710,Wrocław,ul. Kwiatowa 28/23,2021-07-19,Schody proste,Dąb,77510
WS-0091, Karolina Maciejewska , karolina.maciejewska91@example.test ,+48 512 720 629,Lublin,ul. Nad Rzeką 41/40,2022-02-03,Schody zabiegowe,Buk,79249
WS-0092,Kamil Nowak,kamil.nowak92@example.test,+48 512 728 548,Olsztyn,ul. Klonowa 54/5,14.09.2023,Schody dwubiegowe,Jesion + szkło,80988
WS-0093,Julia Kamińska,,+48 512 736 467,Kraków,ul. Spacerowa 67/22,2024-04-25,Schody spiralne,Dąb,82727
WS-0094,Damian Szymański,damian.szymanski94@example.test,+48 512 744 386,Łódź,ul. Kamienna 80/39,2025-11-09,Schody na policzkach,Buk,84 466 PLN
WS-0095,OLIWIA KOZŁOWSKI,oliwia.kozlowski95@example.test,+48 512 752 305,Toruń,ul. Lipowa 5/4,20/06/2021,Schody dywanowe,Jesion + szkło,86205
WS-0096,Rafał Krawczyk,rafal.krawczyk96@example.test,+48 512 760 224,Warszawa,UL. Modrzewiowa 18/21,2022-01-04,Schody proste,Dąb,87944
WS-0097,Beata Pawlak,beata.pawlak97@example.test,+48 512 768 143,Katowice,ul. Jasna 31/38,2023-08-15,Schody zabiegowe,Buk,89683
WS-0098, Wojciech Wieczorek ,wojciech.wieczorek98@example.test,+48 512 776 062,Rzeszów,ul. Polna 44/3,2024-03-26,Schody dwubiegowe,Jesion + szkło,91422
WS-0099,Elżbieta Kubiak,ELZBIETA.KUBIAK99@EXAMPLE.TEST,+48 512 783 981,Bydgoszcz,ul. Parkowa 57/20,2025-10-10,Schody spiralne,Dąb,93161
WS-0100,JAN KOWALSKI,jan.kowalski100@example.test,+48 612 791 900,Gdańsk,ul. Dębowa 70/37,2021-05-21,Schody na policzkach,Buk,94900
WS-0101,Katarzyna Wójcik,katarzyna.wojcik101@example.test,+48 612 799 819,Białystok,ul. Słoneczna 83/2,2022-12-05,Schody dywanowe,Jesion + szkło,96639
WS-0102,Tomasz Zielińska,tomasz.zielinska102@example.test,0048 612-807-738,Opole,ul. Zaciszna 8/19,2023-07-16,Schody proste,Dąb,98378
WS-0103,Agnieszka Dąbrowska,agnieszka.dabrowska103@example.test,+48 612 815 657,Poznań,ul. Leśna 21/36,2024-02-27,Schody zabiegowe,Buk,100117
WS-0104,Andrzej Mazur, andrzej.mazur104@example.test ,+48 612 823 576,Szczecin,ul. Ogrodowa 34/1,2025-09-11,Schody dwubiegowe,Jesion + szkło,101856
WS-0105, ALEKSANDRA GRABOWSKA ,aleksandra.grabowska105@example.test,+48 612 831 495,Kielce,ul. Jesionowa 47/18,2021-04-22,Schody spiralne,Dąb,103595
WS-0106,Michał Król,michal.krol106@example.test,+48 612 839 414,Wrocław,ul. Brzozowa 60/35,2022-11-06,schody na policzkach,Buk,105334
WS-0107,Ewa Zając,ewa.zajac107@example.test,+48 612 847 333,Lublin,ul. Wiosenna 73/52,2023-06-17,Schody dywanowe,Jesion + szkło,107073
WS-0108,Adam Sikora,adam.sikora108@example.test,612 855 252, OLSZTYN ,ul. Akacjowa 86/17,2024-01-01,Schody proste,Dąb,108812
WS-0109,Natalia Wiśniewski,natalia.wisniewski109@example.test,+48 612 863 171,Kraków,ul. Sosnowa 11/34,2025-08-12,Schody zabiegowe,Buk,110551
WS-0110,JAKUB LEWANDOWSKI,JAKUB.LEWANDOWSKI110@EXAMPLE.TEST,+48 612 871 090,łódź,ul. Kwiatowa 24/51,2021-03-23,Schody dwubiegowe,Jesion + szkło,112290
WS-0111,Karolina Woźniak,karolina.wozniak111@example.test,+48 612 879 009,Toruń,ul. Nad Rzeką 37/16,2022/10/07,Schody spiralne,Dąb,114029
WS-0112, Kamil Jankowska ,kamil.jankowska112@example.test,+48 612 886 928,Warszawa,ul. Klonowa 50/33,2023-05-18,Schody na policzkach,Buk,18768
WS-0113,Julia Piotrowski,julia.piotrowski113@example.test,+48 612 894 847,Katowice,ul. Spacerowa 63/50,2024-12-02,Schody dywanowe,Jesion + szkło,20507
WS-0114,Damian Michalski,damian.michalski114@example.test,+48 612 902 766,Rzeszów,ul. Kamienna 76/15,13/07/2025,Schody proste,Dąb,22246
WS-0115,OLIWIA JABŁOŃSKA,oliwia.jablonska115@example.test,+48 612 910 685,Bydgoszcz,ul. Lipowa 89/32,24.02.2021,Schody zabiegowe,Buk,23985
WS-0116,Rafał Maciejewska,rafal.maciejewska116@example.test,,Gdańsk,ul. Modrzewiowa 14/49,2022-09-08,Schody dwubiegowe,Jesion + szkło,25724
WS-0117,Beata Nowak, beata.nowak117@example.test ,+48 612 926 523,Białystok,ul. Jasna 27/14,2023-04-19,Schody spiralne,Dąb,27463
WS-0118,Wojciech Kamińska,wojciech.kaminska118@example.test,+48 612 934 442,Opole,ul. Polna 40/31,2024-11-03,Schody na policzkach,buk,29202
WS-0119, Elżbieta Szymański ,elzbieta.szymanski119@example.test,0048 612-942-361,Poznań,ul. Parkowa 53/48,2025-06-14,Schody dywanowe,Jesion + szkło,30941
WS-0120,JAN KOZŁOWSKI,jan.kozlowski120@example.test,+48 612 950 280,Szczecin,ul. Dębowa 66/13,2021-01-25,Schody proste,Dąb,32680
WS-0121,Katarzyna Krawczyk,KATARZYNA.KRAWCZYK121@EXAMPLE.TEST,+48 612 958 199,Kielce,ul. Słoneczna 79/30,2022-08-09,Schody zabiegowe,Buk,34419
WS-0122,Tomasz Pawlak,tomasz.pawlak122@example.test,+48 612 966 118,Wrocław,ul. Zaciszna 4/47,2023-03-20,Schody dwubiegowe,Jesion + szkło,36158
WS-0123,Agnieszka Wieczorek,agnieszka.wieczorek123@example.test,+48 612 974 037,Lublin,ul. Leśna 17 m. 12,2024-10-04,Schody spiralne,Dąb,37897
WS-0124,Andrzej Kubiak,,+48 612 981 956,Olsztyn,ul. Ogrodowa 30/29,2025-05-15,Schody na policzkach,Buk,39636
WS-0125,ALEKSANDRA KOWALSKI,aleksandra.kowalski125@example.test,+48 612 989 875,Kraków,ul. Jesionowa 43/46,2021-12-26,Schody dywanowe,Jesion + szkło,41375
WS-0126, Michał Wójcik ,michal.wojcik126@example.test,612 997 794,Łódź,ul. Brzozowa 56/11,2022-07-10,Schody proste,Dąb,43114
WS-0127,Ewa Zielińska,ewa.zielinska127@example.test,+48 613 005 713,Toruń,ul. Wiosenna 69/28,2023-02-21,Schody zabiegowe,Buk,44853
WS-0128,Adam Dąbrowska,adam.dabrowska128@example.test,+48 613 013 632,Warszawa,UL. Akacjowa 82/45,2024-09-05,Schody dwubiegowe,Jesion + szkło,46592
WS-0129,Natalia Mazur,natalia.mazur129@example.test,+48 613 021 551,Katowice,ul. Sosnowa 7/10,2025-04-16,Schody spiralne,Dąb,48331
WS-0130,JAKUB GRABOWSKA, jakub.grabowska130@example.test ,+48 613 029 470,Rzeszów,ul. Kwiatowa 20/27,2021-11-27,Schody na policzkach,Buk,50070
WS-0131,Karolina Król,karolina.krol131@example.test,+48 613 037 389,Bydgoszcz,ul. Nad Rzeką 33/44,2022-06-11,Schody dywanowe,Jesion + szkło,51809
WS-0132,Kamil Zając,KAMIL.ZAJAC132@EXAMPLE.TEST,+48 613 045 308,gdańsk,ul. Klonowa 46/9,2023-01-22,Schody proste,Dąb,53548
WS-0133, Julia Sikora ,julia.sikora133@example.test,+48 613 053 227,Białystok,ul. Spacerowa 59/26,06/08/2024,Schody zabiegowe,Buk,55287
WS-0134,Damian Wiśniewski,damian.wisniewski134@example.test,+48 613 061 146,Opole,ul. Kamienna 72/43,2025-03-17,Schody dwubiegowe,Jesion + szkło,57026
WS-0135,OLIWIA LEWANDOWSKI,oliwia.lewandowski135@example.test,+48 613 069 065, POZNAŃ ,ul. Lipowa 85/8,2021-10-01,Schody spiralne,Dąb,58765
WS-0136,Rafał Woźniak,rafal.wozniak136@example.test,0048 613-076-984,Szczecin,ul. Modrzewiowa 10/25,2022-05-12,Schody na policzkach,Buk,60504
WS-0137,Beata Jankowska,beata.jankowska137@example.test,+48 613 084 903,Kielce,ul. Jasna 23/42,2023-12-23,Schody dywanowe,Jesion + szkło,62243
WS-0138,Wojciech Piotrowski,wojciech.piotrowski138@example.test,+48 613 092 822,Wrocław,ul. Polna 36/7,07.07.2024,Schody proste,Dąb,63982
WS-0139,Elżbieta Michalski,elzbieta.michalski139@example.test,+48 613 100 741,Lublin,ul. Parkowa 49/24,2025-02-18,Schody zabiegowe,Buk,65721
WS-0140, JAN JABŁOŃSKA ,jan.jablonska140@example.test,+48 613 108 660,Olsztyn,ul. Dębowa 62/41,2021-09-02,Schody dwubiegowe,Jesion + szkło,67460
WS-0141,Katarzyna Maciejewska,katarzyna.maciejewska141@example.test,+48 613 116 579,Kraków,ul. Słoneczna 75/6,2022-04-13,Schody spiralne,Dąb,69 199 PLN
WS-0142,Tomasz Nowak,tomasz.nowak142@example.test,+48 613 124 498,Łódź,ul. Zaciszna 88/23,2023-11-24,Schody na policzkach,Buk,70938
WS-0143,Agnieszka Kamińska, AGNIESZKA.KAMINSKA143@EXAMPLE.TEST ,+48 613 132 417,Toruń,ul. Leśna 13/40,2024-06-08,Schody dywanowe,Jesion + szkło,72677
WS-0144,Andrzej Szymański,andrzej.szymanski144@example.test,613 140 336,Warszawa,ul. Ogrodowa 26/5,2025-01-19,Schody proste,Dąb,74416
WS-0145,ALEKSANDRA KOZŁOWSKI,aleksandra.kozlowski145@example.test,,Katowice,ul. Jesionowa 39/22,2021-08-03,Schody zabiegowe,Buk,76155
WS-0146,Michał Krawczyk,michal.krawczyk146@example.test,+48 613 156 174,Rzeszów,ul. Brzozowa 52/39,2022-03-14,Schody dwubiegowe,Jesion + szkło,77894
WS-0147, Ewa Pawlak ,ewa.pawlak147@example.test,+48 613 164 093,Bydgoszcz,ul. Wiosenna 65/4,2023-10-25,Schody spiralne,Dąb,79633
WS-0148,Adam Wieczorek,adam.wieczorek148@example.test,+48 613 172 012,Gdańsk,ul. Akacjowa 78/21,2024/05/09,Schody na policzkach,Buk,81372
WS-0149,Natalia Kubiak,natalia.kubiak149@example.test,+48 613 179 931,Białystok,ul. Sosnowa 3/38,2025-12-20,Schody dywanowe,Jesion + szkło,83111
WS-0150,JAKUB KOWALSKI,jakub.kowalski150@example.test,+48 613 187 850,Opole,ul. Kwiatowa 16/3,2021-07-04,Schody proste,Dąb,84850
WS-0151,Karolina Wójcik,karolina.wojcik151@example.test,+48 613 195 769,Poznań,ul. Nad Rzeką 29/20,2022-02-15,Schody zabiegowe,Buk,86589
WS-0152,Kamil Zielińska,kamil.zielinska152@example.test,+48 613 203 688,Szczecin,ul. Klonowa 42/37,26/09/2023,Schody dwubiegowe,Jesion + szkło,88328
WS-0153,Julia Dąbrowska,julia.dabrowska153@example.test,0048 613-211-607,Kielce,ul. Spacerowa 55/2,2024-04-10,Schody spiralne,Dąb,90067
WS-0154, Damian Mazur ,DAMIAN.MAZUR154@EXAMPLE.TEST,+48 613 219 526,wrocław,ul. Kamienna 68/19,2025-11-21,Schody na policzkach,Buk,91806
WS-0155,OLIWIA GRABOWSKA,,+48 613 227 445,Lublin,ul. Lipowa 81/36,2021-06-05,Schody dywanowe,Jesion + szkło,93545
WS-0156,Rafał Król, rafal.krol156@example.test ,+48 613 235 364,Olsztyn,ul. Modrzewiowa 6/1,2022-01-16,Schody proste,Dąb,95284
WS-0157,Beata Zając,beata.zajac157@example.test,+48 613 243 283,Kraków,ul. Jasna 19/18,2023-08-27,Schody zabiegowe,Buk,97023
WS-0158,Wojciech Sikora,wojciech.sikora158@example.test,+48 613 251 202,Łódź,ul. Polna 32/35,2024-03-11,Schody dwubiegowe,Jesion + szkło,98762
WS-0159,Elżbieta Wiśniewski,elzbieta.wisniewski159@example.test,+48 613 259 121,Toruń,ul. Parkowa 45/52,2025-10-22,schody spiralne,Dąb,100501
WS-0160,JAN LEWANDOWSKI,jan.lewandowski160@example.test,+48 613 267 040,Warszawa,UL. Dębowa 58/17,2021-05-06,Schody na policzkach,Buk,102240
WS-0161, Katarzyna Woźniak ,katarzyna.wozniak161@example.test,+48 613 274 959,Katowice,ul. Słoneczna 71/34,17.12.2022,Schody dywanowe,Jesion + szkło,103979
WS-0162,Tomasz Jankowska,tomasz.jankowska162@example.test,613 282 878, RZESZÓW ,ul. Zaciszna 84/51,2023-07-01,Schody proste,Dąb,105718
WS-0163,Agnieszka Piotrowski,agnieszka.piotrowski163@example.test,+48 613 290 797,Bydgoszcz,ul. Leśna 9/16,2024-02-12,Schody zabiegowe,Buk,107457
WS-0164,Andrzej Michalski,andrzej.michalski164@example.test,+48 613 298 716,Gdańsk,ul. Ogrodowa 22 m. 33,2025-09-23,Schody dwubiegowe,Jesion + szkło,109196
WS-0165,ALEKSANDRA JABŁOŃSKA,ALEKSANDRA.JABLONSKA165@EXAMPLE.TEST,+48 613 306 635,Białystok,ul. Jesionowa 35/50,2021-04-07,Schody spiralne,Dąb,110935
WS-0166,Michał Maciejewska,michal.maciejewska166@example.test,+48 613 314 554,Opole,ul. Brzozowa 48/15,2022-11-18,Schody na policzkach,Buk,112674
WS-0167,Ewa Nowak,ewa.nowak167@example.test,+48 613 322 473,Poznań,ul. Wiosenna 61/32,2023-06-02,Schody dywanowe,Jesion + szkło,114413
WS-0168, Adam Kamińska ,adam.kaminska168@example.test,+48 613 330 392,Szczecin,ul. Akacjowa 74/49,2024-01-13,Schody proste,Dąb,19152
WS-0169,Natalia Szymański, natalia.szymanski169@example.test ,+48 613 338 311,Kielce,ul. Sosnowa 87/14,2025-08-24,Schody zabiegowe,Buk,20891
WS-0170,JAKUB KOZŁOWSKI,jakub.kozlowski170@example.test,0048 613-346-230,Wrocław,ul. Kwiatowa 12/31,2021-03-08,Schody dwubiegowe,Jesion + szkło,22630
WS-0171,Karolina Krawczyk,karolina.krawczyk171@example.test,+48 613 354 149,Lublin,ul. Nad Rzeką 25/48,19/10/2022,Schody spiralne,Dąb,24369
WS-0172,Kamil Pawlak,kamil.pawlak172@example.test,+48 613 362 068,Olsztyn,ul. Klonowa 38/13,2023-05-03,Schody na policzkach,Buk,26108
WS-0173,Julia Wieczorek,julia.wieczorek173@example.test,+48 613 369 987,Kraków,ul. Spacerowa 51/30,2024-12-14,Schody dywanowe,Jesion + szkło,27847
WS-0174,Damian Kubiak,damian.kubiak174@example.test,,Łódź,ul. Kamienna 64/47,2025-07-25,Schody proste,Dąb,29586
WS-0175, OLIWIA KOWALSKI ,oliwia.kowalski175@example.test,+48 613 385 825,Toruń,ul. Lipowa 77/12,2021-02-09,Schody zabiegowe,Buk,31325
WS-0176,Rafał Wójcik,RAFAL.WOJCIK176@EXAMPLE.TEST,+48 613 393 744,warszawa,ul. Modrzewiowa 2/29,2022-09-20,Schody dwubiegowe,Jesion + szkło,33064
WS-0177,Beata Zielińska,beata.zielinska177@example.test,+48 613 401 663,Katowice,ul. Jasna 15/46,2023-04-04,Schody spiralne,dąb,34803
WS-0178,Wojciech Dąbrowska,wojciech.dabrowska178@example.test,+48 613 409 582,Rzeszów,ul. Polna 28/11,2024-11-15,Schody na policzkach,Buk,36542
WS-0179,Elżbieta Mazur,elzbieta.mazur179@example.test,+48 613 417 501,Bydgoszcz,ul. Parkowa 41/28,2025-06-26,Schody dywanowe,Jesion + szkło,38281
WS-0180,JAN GRABOWSKA,jan.grabowska180@example.test,613 425 420,Gdańsk,ul. Dębowa 54/45,2021-01-10,Schody proste,Dąb,40020
WS-0181,Katarzyna Król,katarzyna.krol181@example.test,+48 613 433 339,Białystok,ul. Słoneczna 67/10,2022-08-21,Schody zabiegowe,Buk,41759
WS-0182, Tomasz Zając , tomasz.zajac182@example.test ,+48 613 441 258,Opole,ul. Zaciszna 80/27,2023-03-05,Schody dwubiegowe,Jesion + szkło,43498
WS-0183,Agnieszka Sikora,agnieszka.sikora183@example.test,+48 613 449 177,Poznań,ul. Leśna 5/44,2024-10-16,Schody spiralne,Dąb,45237
WS-0184,Andrzej Wiśniewski,andrzej.wisniewski184@example.test,+48 613 457 096,Szczecin,ul. Ogrodowa 18/9,27.05.2025,Schody na policzkach,Buk,46976
WS-0185,ALEKSANDRA LEWANDOWSKI,aleksandra.lewandowski185@example.test,+48 613 465 015,Kielce,ul. Jesionowa 31/26,2021/12/11,Schody dywanowe,Jesion + szkło,48715
WS-0186,Michał Woźniak,,+48 613 472 934,Wrocław,ul. Brzozowa 44/43,2022-07-22,Schody proste,Dąb,50454
WS-0187,Ewa Jankowska,EWA.JANKOWSKA187@EXAMPLE.TEST,0048 613-480-853,Lublin,ul. Wiosenna 57/8,2023-02-06,Schody zabiegowe,Buk,52193
WS-0188,Adam Piotrowski,adam.piotrowski188@example.test,+48 613 488 772,Olsztyn,ul. Akacjowa 70/25,2024-09-17,Schody dwubiegowe,Jesion + szkło,53 932 PLN
WS-0189, Natalia Michalski ,natalia.michalski189@example.test,+48 613 496 691, KRAKÓW ,ul. Sosnowa 83/42,2025-04-01,Schody spiralne,Dąb,55671
WS-0190,JAKUB JABŁOŃSKA,jakub.jablonska190@example.test,+48 613 504 610,Łódź,ul. Kwiatowa 8/7,12/11/2021,Schody na policzkach,Buk,57410
WS-0191,Karolina Maciejewska,karolina.maciejewska191@example.test,+48 613 512 529,Toruń,ul. Nad Rzeką 21/24,2022-06-23,Schody dywanowe,Jesion + szkło,59149
WS-0192,Kamil Nowak,kamil.nowak192@example.test,+48 613 520 448,Warszawa,UL. Klonowa 34/41,2023-01-07,Schody proste,Dąb,60888
WS-0193,Julia Kamińska,julia.kaminska193@example.test,+48 613 528 367,Katowice,ul. Spacerowa 47/6,2024-08-18,Schody zabiegowe,Buk,62627
WS-0194,Damian Szymański,damian.szymanski194@example.test,+48 613 536 286,Rzeszów,ul. Kamienna 60/23,2025-03-02,Schody dwubiegowe,Jesion + szkło,64366
WS-0195,OLIWIA KOZŁOWSKI, oliwia.kozlowski195@example.test ,+48 613 544 205,Bydgoszcz,ul. Lipowa 73/40,2021-10-13,Schody spiralne,Dąb,66105
WS-0196, Rafał Krawczyk ,rafal.krawczyk196@example.test,+48 613 552 124,Gdańsk,ul. Modrzewiowa 86/5,2022-05-24,Schody na policzkach,Buk,67844
WS-0197,Beata Pawlak,beata.pawlak197@example.test,+48 613 560 043,Białystok,ul. Jasna 11/22,2023-12-08,Schody dywanowe,Jesion + szkło,69583
WS-0198,Wojciech Wieczorek,WOJCIECH.WIECZOREK198@EXAMPLE.TEST,613 567 962,opole,ul. Polna 24/39,2024-07-19,Schody proste,Dąb,71322
WS-0199,Elżbieta Kubiak,elzbieta.kubiak199@example.test,+48 613 575 881,Poznań,ul. Parkowa 37/4,2025-02-03,Schody zabiegowe,Buk,73061
WS-0200,JAN KOWALSKI,jan.kowalski200@example.test,+48 713 583 800,Szczecin,ul. Dębowa 50/21,2021-09-14,Schody dwubiegowe,Jesion + szkło,74800
WS-0201,Katarzyna Wójcik,katarzyna.wojcik201@example.test,+48 713 591 719,Kielce,ul. Słoneczna 63/38,2022-04-25,Schody spiralne,Dąb,76539
WS-0202,Tomasz Zielińska,tomasz.zielinska202@example.test,+48 713 599 638,Wrocław,ul. Zaciszna 76/3,2023-11-09,Schody na policzkach,Buk,78278
WS-0203, Agnieszka Dąbrowska ,agnieszka.dabrowska203@example.test,,Lublin,ul. Leśna 89/20,2024-06-20,Schody dywanowe,Jesion + szkło,80017
WS-0204,Andrzej Mazur,andrzej.mazur204@example.test,0048 713-615-476,Olsztyn,ul. Ogrodowa 14/37,2025-01-04,Schody proste,Dąb,81756
WS-0205,ALEKSANDRA GRABOWSKA,aleksandra.grabowska205@example.test,+48 713 623 395,Kraków,ul. Jesionowa 27 m. 2,2021-08-15,Schody zabiegowe,Buk,83495
WS-0206,Michał Król,michal.krol206@example.test,+48 713 631 314,Łódź,ul. Brzozowa 40/19,2022-03-26,Schody dwubiegowe,Jesion + szkło,85234
WS-0207,Ewa Zając,ewa.zajac207@example.test,+48 713 639 233,Toruń,ul. Wiosenna 53/36,10.10.2023,Schody spiralne,Dąb,86973
WS-0208,Adam Sikora, adam.sikora208@example.test ,+48 713 647 152,Warszawa,ul. Akacjowa 66/1,2024-05-21,Schody na policzkach,Buk,88712
WS-0209,Natalia Wiśniewski,NATALIA.WISNIEWSKI209@EXAMPLE.TEST,+48 713 655 071,Katowice,ul. Sosnowa 79/18,05/12/2025,Schody dywanowe,Jesion + szkło,90451
WS-0210, JAKUB LEWANDOWSKI ,jakub.lewandowski210@example.test,+48 713 662 990,Rzeszów,ul. Kwiatowa 4/35,2021-07-16,Schody proste,Dąb,92190
WS-0211,Karolina Woźniak,karolina.wozniak211@example.test,+48 713 670 909,Bydgoszcz,ul. Nad Rzeką 17/52,2022-02-27,Schody zabiegowe,Buk,93929
WS-0212,Kamil Jankowska,kamil.jankowska212@example.test,+48 713 678 828,Gdańsk,ul. Klonowa 30/17,2023-09-11,schody dwubiegowe,Jesion + szkło,95668
WS-0213,Julia Piotrowski,julia.piotrowski213@example.test,+48 713 686 747,Białystok,ul. Spacerowa 43/34,2024-04-22,Schody spiralne,Dąb,97407
WS-0214,Damian Michalski,damian.michalski214@example.test,+48 713 694 666,Opole,ul. Kamienna 56/51,2025-11-06,Schody na policzkach,Buk,99146
WS-0215,OLIWIA JABŁOŃSKA,oliwia.jablonska215@example.test,+48 713 702 585,Poznan,ul. Lipowa 69/16,2021-06-17,Schody dywanowe,Jesion + szkło,100885
WS-0216,Rafał Maciejewska,rafal.maciejewska216@example.test,713 710 504, SZCZECIN ,ul. Modrzewiowa 82/33,2022-01-01,Schody proste,Dąb,102624
WS-0217, Beata Nowak ,,+48 713 718 423,Kielce,ul. Jasna 7/50,2023-08-12,Schody zabiegowe,Buk,104363
WS-0218,Wojciech Kamińska,wojciech.kaminska218@example.test,+48 713 726 342,Wrocław,ul. Polna 20/15,2024-03-23,Schody dwubiegowe,Jesion + szkło,106102
WS-0219,Elżbieta Szymański,elzbieta.szymanski219@example.test,+48 713 734 261,Lublin,ul. Parkowa 33/32,2025-10-07,Schody spiralne,Dąb,107841
WS-0220,JAN KOZŁOWSKI,JAN.KOZLOWSKI220@EXAMPLE.TEST,+48 713 742 180,olsztyn,ul. Dębowa 46/49,2021-05-18,Schody na policzkach,Buk,109580
WS-0221,Katarzyna Krawczyk, katarzyna.krawczyk221@example.test ,0048 713-750-099,Kraków,ul. Słoneczna 59/14,2022-12-02,Schody dywanowe,Jesion + szkło,111319
WS-0222,Tomasz Pawlak,tomasz.pawlak222@example.test,+48 713 758 018,Łódź,ul. Zaciszna 72/31,2023/07/13,Schody proste,Dąb,113058
WS-0223,Agnieszka Wieczorek,agnieszka.wieczorek223@example.test,+48 713 765 937,Toruń,ul. Leśna 85/48,2024-02-24,Schody zabiegowe,Buk,114797
WS-0224, Andrzej Kubiak ,andrzej.kubiak224@example.test,+48 713 773 856,Warszawa,UL. Ogrodowa 10/13,2025-09-08,Schody dwubiegowe,Jesion + szkło,19536
WS-0225,ALEKSANDRA KOWALSKI,aleksandra.kowalski225@example.test,+48 713 781 775,Katowice,ul. Jesionowa 23/30,2021-04-19,Schody spiralne,Dąb,21275
WS-0226,Michał Wójcik,michal.wojcik226@example.test,+48 713 789 694,Rzeszów,ul. Brzozowa 36/47,2022-11-03,Schody na policzkach,Buk,23014
WS-0227,Ewa Zielińska,ewa.zielinska227@example.test,+48 713 797 613,Bydgoszcz,ul. Wiosenna 49/12,2023-06-14,Schody dywanowe,Jesion + szkło,24753
WS-0228,Adam Dąbrowska,adam.dabrowska228@example.test,+48 713 805 532,Gdańsk,ul. Akacjowa 62/29,25/01/2024,Schody proste,Dąb,26492
WS-0229,Natalia Mazur,natalia.mazur229@example.test,+48 713 813 451,Białystok,ul. Sosnowa 75/46,2025-08-09,Schody zabiegowe,Buk,28231
WS-0230,JAKUB GRABOWSKA,jakub.grabowska230@example.test,+48 713 821 370,Opole,ul. Kwiatowa 88/11,20.03.2021,Schody dwubiegowe,Jesion + szkło,29970
WS-0231, Karolina Król ,KAROLINA.KROL231@EXAMPLE.TEST,+48 713 829 289,Poznań,ul. Nad Rzeką 13/28,2022-10-04,Schody spiralne,Dąb,31709
WS-0232,Kamil Zając,kamil.zajac232@example.test,,Szczecin,ul. Klonowa 26/45,2023-05-15,Schody na policzkach,Buk,33448
WS-0233,Julia Sikora,julia.sikora233@example.test,+48 713 845 127,Kielce,ul. Spacerowa 39/10,2024-12-26,Schody dywanowe,Jesion + szkło,35187
WS-0234,Damian Wiśniewski, damian.wisniewski234@example.test ,713 853 046,Wrocław,ul. Kamienna 52/27,2025-07-10,Schody proste,Dąb,36926
WS-0235,OLIWIA LEWANDOWSKI,oliwia.lewandowski235@example.test,+48 713 860 965,Lublin,ul. Lipowa 65/44,2021-02-21,Schody zabiegowe,Buk,38 665 PLN
WS-0236,Rafał Woźniak,rafal.wozniak236@example.test,+48 713 868 884,Olsztyn,ul. Modrzewiowa 78/9,2022-09-05,Schody dwubiegowe,jesion + szkło,40404
WS-0237,Beata Jankowska,beata.jankowska237@example.test,+48 713 876 803,Kraków,ul. Jasna 3/26,2023-04-16,Schody spiralne,Dąb,42143
WS-0238, Wojciech Piotrowski ,wojciech.piotrowski238@example.test,0048 713-884-722,Łódź,ul. Polna 16/43,2024-11-27,Schody na policzkach,Buk,43882
WS-0239,Elżbieta Michalski,elzbieta.michalski239@example.test,+48 713 892 641,Toruń,ul. Parkowa 29/8,2025-06-11,Schody dywanowe,Jesion + szkło,45621
WS-0240,JAN JABŁOŃSKA,jan.jablonska240@example.test,+48 713 900 560,Warszawa,ul. Dębowa 42/25,2021-01-22,Schody proste,Dąb,47360
WS-0241,Katarzyna Maciejewska,katarzyna.maciejewska241@example.test,+48 713 908 479,Katowice,ul. Słoneczna 55/42,2022-08-06,Schody zabiegowe,Buk,49099
WS-0242,Tomasz Nowak,TOMASZ.NOWAK242@EXAMPLE.TEST,+48 713 916 398,rzeszów,ul. Zaciszna 68/7,2023-03-17,Schody dwubiegowe,Jesion + szkło,50838
WS-0243,Agnieszka Kamińska,agnieszka.kaminska243@example.test,+48 713 924 317, BYDGOSZCZ ,ul. Leśna 81/24,2024-10-01,Schody spiralne,Dąb,52577
WS-0244,Andrzej Szymański,andrzej.szymanski244@example.test,+48 713 932 236,Gdańsk,ul. Ogrodowa 6/41,2025-05-12,Schody na policzkach,Buk,54316
WS-0245, ALEKSANDRA KOZŁOWSKI ,aleksandra.kozlowski245@example.test,+48 713 940 155,Białystok,ul. Jesionowa 19/6,2021-12-23,Schody dywanowe,Jesion + szkło,56055
WS-0246,Michał Krawczyk,michal.krawczyk246@example.test,+48 713 948 074,Opole,ul. Brzozowa 32 m. 23,2022-07-07,Schody proste,Dąb,57794
WS-0247,Ewa Pawlak, ewa.pawlak247@example.test ,+48 713 955 993,Poznań,ul. Wiosenna 45/40,18/02/2023,Schody zabiegowe,Buk,59533
WS-0248,Adam Wieczorek,,+48 713 963 912,Szczecin,ul. Akacjowa 58/5,2024-09-02,Schody dwubiegowe,Jesion + szkło,61272
WS-0249,Natalia Kubiak,natalia.kubiak249@example.test,+48 713 971 831,Kielce,ul. Sosnowa 71/22,2025-04-13,Schody spiralne,Dąb,63011
WS-0250,JAKUB KOWALSKI,jakub.kowalski250@example.test,+48 713 979 750,Wrocław,ul. Kwiatowa 84/39,2021-11-24,Schody na policzkach,Buk,64750
WS-0251,Karolina Wójcik,karolina.wojcik251@example.test,+48 713 987 669,Lublin,ul. Nad Rzeką 9/4,2022-06-08,Schody dywanowe,Jesion + szkło,66489
WS-0252, Kamil Zielińska ,kamil.zielinska252@example.test,713 995 588,Olsztyn,ul. Klonowa 22/21,2023-01-19,Schody proste,Dąb,68228
WS-0253,Julia Dąbrowska,JULIA.DABROWSKA253@EXAMPLE.TEST,+48 714 003 507,Kraków,ul. Spacerowa 35/38,03.08.2024,Schody zabiegowe,Buk,69967
WS-0254,Damian Mazur,damian.mazur254@example.test,+48 714 011 426,Łódź,ul. Kamienna 48/3,2025-03-14,Schody dwubiegowe,Jesion + szkło,71706
WS-0255,OLIWIA GRABOWSKA,oliwia.grabowska255@example.test,0048 714-019-345,Toruń,ul. Lipowa 61/20,2021-10-25,Schody spiralne,Dąb,73445
WS-0256,Rafał Król,rafal.krol256@example.test,+48 714 027 264,Warszawa,UL. Modrzewiowa 74/37,2022-05-09,Schody na policzkach,Buk,75184
WS-0257,Beata Zając,beata.zajac257@example.test,+48 714 035 183,Katowice,ul. Jasna 87/2,2023-12-20,Schody dywanowe,Jesion + szkło,76923
WS-0258,Wojciech Sikora,wojciech.sikora258@example.test,+48 714 043 102,Rzeszow,ul. Polna 12/19,2024-07-04,Schody proste,Dąb,78662
WS-0259, Elżbieta Wiśniewski ,elzbieta.wisniewski259@example.test,+48 714 051 021,Bydgoszcz,ul. Parkowa 25/36,2025/02/15,Schody zabiegowe,Buk,80401
WS-0260,JAN LEWANDOWSKI, jan.lewandowski260@example.test ,+48 714 058 940,Gdańsk,ul. Dębowa 38/1,2021-09-26,Schody dwubiegowe,Jesion + szkło,82140
WS-0261,Katarzyna Woźniak,katarzyna.wozniak261@example.test,,Białystok,ul. Słoneczna 51/18,2022-04-10,Schody spiralne,Dąb,83879
WS-0262,Tomasz Jankowska,tomasz.jankowska262@example.test,+48 714 074 778,Opole,ul. Zaciszna 64/35,2023-11-21,Schody na policzkach,Buk,85618
WS-0263,Agnieszka Piotrowski,agnieszka.piotrowski263@example.test,+48 714 082 697,Poznań,ul. Leśna 77/52,2024-06-05,Schody dywanowe,Jesion + szkło,87357
WS-0264,Andrzej Michalski,ANDRZEJ.MICHALSKI264@EXAMPLE.TEST,+48 714 090 616,szczecin,ul. Ogrodowa 2/17,2025-01-16,Schody proste,Dąb,89096
WS-0265,ALEKSANDRA JABŁOŃSKA,aleksandra.jablonska265@example.test,+48 714 098 535,Kielce,ul. Jesionowa 15/34,2021-08-27,schody zabiegowe,Buk,90835
WS-0266, Michał Maciejewska ,michal.maciejewska266@example.test,+48 714 106 454,Wrocław,ul. Brzozowa 28/51,11/03/2022,Schody dwubiegowe,Jesion + szkło,92574
WS-0267,Ewa Nowak,ewa.nowak267@example.test,+48 714 114 373,Lublin,ul. Wiosenna 41/16,2023-10-22,Schody spiralne,Dąb,94313
WS-0268,Adam Kamińska,adam.kaminska268@example.test,+48 714 122 292,Olsztyn,ul. Akacjowa 54/33,2024-05-06,Schody na policzkach,Buk,96052
WS-0269,Natalia Szymański,natalia.szymanski269@example.test,+48 714 130 211,Kraków,ul. Sosnowa 67/50,2025-12-17,Schody dywanowe,Jesion + szkło,97791
WS-0270,JAKUB KOZŁOWSKI,jakub.kozlowski270@example.test,714 138 130, ŁÓDŹ ,ul. Kwiatowa 80/15,2021-07-01,Schody proste,Dąb,99530
WS-0271,Karolina Krawczyk,karolina.krawczyk271@example.test,+48 714 146 049,Toruń,ul. Nad Rzeką 5/32,2022-02-12,Schody zabiegowe,Buk,101269
WS-0272,Kamil Pawlak,kamil.pawlak272@example.test,0048 714-153-968,Warszawa,ul. Klonowa 18/49,2023-09-23,Schody dwubiegowe,Jesion + szkło,103008
WS-0273, Julia Wieczorek , julia.wieczorek273@example.test ,+48 714 161 887,Katowice,ul. Spacerowa 31/14,2024-04-07,Schody spiralne,Dąb,104747
WS-0274,Damian Kubiak,damian.kubiak274@example.test,+48 714 169 806,Rzeszów,ul. Kamienna 44/31,2025-11-18,Schody na policzkach,Buk,106486
WS-0275,OLIWIA KOWALSKI,OLIWIA.KOWALSKI275@EXAMPLE.TEST,+48 714 177 725,Bydgoszcz,ul. Lipowa 57/48,2021-06-02,Schody dywanowe,Jesion + szkło,108225
WS-0276,Rafał Wójcik,rafal.wojcik276@example.test,+48 714 185 644,Gdańsk,ul. Modrzewiowa 70/13,13.01.2022,Schody proste,Dąb,109964
WS-0277,Beata Zielińska,beata.zielinska277@example.test,+48 714 193 563,Białystok,ul. Jasna 83/30,2023-08-24,Schody zabiegowe,Buk,111703
WS-0278,Wojciech Dąbrowska,wojciech.dabrowska278@example.test,+48 714 201 482,Opole,ul. Polna 8/47,2024-03-08,Schody dwubiegowe,Jesion + szkło,113442
WS-0279,Elżbieta Mazur,,+48 714 209 401,Poznań,ul. Parkowa 21/12,2025-10-19,Schody spiralne,Dąb,18181
WS-0280, JAN GRABOWSKA ,jan.grabowska280@example.test,+48 714 217 320,Szczecin,ul. Dębowa 34/29,2021-05-03,Schody na policzkach,Buk,19920
WS-0281,Katarzyna Król,katarzyna.krol281@example.test,+48 714 225 239,Kielce,ul. Słoneczna 47/46,2022-12-14,Schody dywanowe,Jesion + szkło,21659
WS-0282,Tomasz Zając,tomasz.zajac282@example.test,+48 714 233 158,Wrocław,ul. Zaciszna 60/11,2023-07-25,Schody proste,Dąb,23 398 PLN
WS-0283,Agnieszka Sikora,agnieszka.sikora283@example.test,+48 714 241 077,Lublin,ul. Leśna 73/28,2024-02-09,Schody zabiegowe,Buk,25137
WS-0284,Andrzej Wiśniewski,andrzej.wisniewski284@example.test,+48 714 248 996,Olsztyn,ul. Ogrodowa 86/45,2025-09-20,Schody dwubiegowe,Jesion + szkło,26876
WS-0285,ALEKSANDRA LEWANDOWSKI,aleksandra.lewandowski285@example.test,+48 714 256 915,Kraków,ul. Jesionowa 11/10,04/04/2021,Schody spiralne,Dąb,28615
WS-0286,Michał Woźniak, MICHAL.WOZNIAK286@EXAMPLE.TEST ,+48 714 264 834,łódź,ul. Brzozowa 24/27,2022-11-15,Schody na policzkach,Buk,30354
WS-0287, Ewa Jankowska ,ewa.jankowska287@example.test,+48 714 272 753,Toruń,ul. Wiosenna 37 m. 44,2023-06-26,Schody dywanowe,Jesion + szkło,32093
WS-0288,Adam Piotrowski,adam.piotrowski288@example.test,714 280 672,Warszawa,UL. Akacjowa 50/9,2024-01-10,Schody proste,Dąb,33832
WS-0289,Natalia Michalski,natalia.michalski289@example.test,0048 714-288-591,Katowice,ul. Sosnowa 63/26,2025-08-21,Schody zabiegowe,Buk,35571
WS-0290,JAKUB JABŁOŃSKA,jakub.jablonska290@example.test,,Rzeszów,ul. Kwiatowa 76/43,2021-03-05,Schody dwubiegowe,Jesion + szkło,37310
WS-0291,Karolina Maciejewska,karolina.maciejewska291@example.test,+48 714 304 429,Bydgoszcz,ul. Nad Rzeką 89/8,2022-10-16,Schody spiralne,Dąb,39049
WS-0292,Kamil Nowak,kamil.nowak292@example.test,+48 714 312 348,Gdańsk,ul. Klonowa 14/25,2023-05-27,Schody na policzkach,Buk,40788
WS-0293,Julia Kamińska,julia.kaminska293@example.test,+48 714 320 267,Białystok,ul. Spacerowa 27/42,2024-12-11,Schody dywanowe,Jesion + szkło,42527
WS-0294, Damian Szymański ,damian.szymanski294@example.test,+48 714 328 186,Opole,ul. Kamienna 40/7,2025-07-22,Schody proste,Dąb,44266
WS-0295,OLIWIA KOZŁOWSKI,oliwia.kozlowski295@example.test,+48 714 336 105,Poznań,ul. Lipowa 53/24,2021-02-06,Schody zabiegowe,buk,46005
WS-0296,Rafał Krawczyk,rafal.krawczyk296@example.test,+48 714 344 024,Szczecin,ul. Modrzewiowa 66/41,2022/09/17,Schody dwubiegowe,Jesion + szkło,47744
WS-0297,Beata Pawlak,BEATA.PAWLAK297@EXAMPLE.TEST,+48 714 351 943, KIELCE ,ul. Jasna 79/6,2023-04-01,Schody spiralne,Dąb,49483
WS-0298,Wojciech Wieczorek,wojciech.wieczorek298@example.test,+48 714 359 862,Wrocław,ul. Polna 4/23,2024-11-12,Schody na policzkach,Buk,51222
WS-0299,Elżbieta Kubiak, elzbieta.kubiak299@example.test ,+48 714 367 781,Lublin,ul. Parkowa 17/40,23.06.2025,Schody dywanowe,Jesion + szkło,52961
WS-0300,JAN KOWALSKI,jan.kowalski300@example.test,+48 814 375 700,Olsztyn,ul. Dębowa 30/5,2021-01-07,Schody proste,Dąb,54700
WS-0301, Katarzyna Wójcik ,katarzyna.wojcik301@example.test,+48 814 383 619,Krakow,ul. Słoneczna 43/22,2022-08-18,Schody zabiegowe,Buk,56439
WS-0302,Tomasz Zielińska,tomasz.zielinska302@example.test,+48 814 391 538,Łódź,ul. Zaciszna 56/39,2023-03-02,Schody dwubiegowe,Jesion + szkło,58178
WS-0303,Agnieszka Dąbrowska,agnieszka.dabrowska303@example.test,+48 814 399 457,Toruń,ul. Leśna 69/4,2024-10-13,Schody spiralne,Dąb,59917
WS-0304,Andrzej Mazur,andrzej.mazur304@example.test,+48 814 407 376,Warszawa,ul. Ogrodowa 82/21,24/05/2025,Schody na policzkach,Buk,61656
WS-0305,ALEKSANDRA GRABOWSKA,aleksandra.grabowska305@example.test,+48 814 415 295,Katowice,ul. Jesionowa 7/38,2021-12-08,Schody dywanowe,Jesion + szkło,63395
WS-0306,Michał Król,michal.krol306@example.test,814 423 214,Rzeszów,ul. Brzozowa 20/3,2022-07-19,Schody proste,Dąb,65134
WS-0307,Ewa Zając,ewa.zajac307@example.test,+48 814 431 133,Bydgoszcz,ul. Wiosenna 33/20,2023-02-03,Schody zabiegowe,Buk,66873
WS-0308, Adam Sikora ,ADAM.SIKORA308@EXAMPLE.TEST,+48 814 439 052,gdańsk,ul. Akacjowa 46/37,2024-09-14,Schody dwubiegowe,Jesion + szkło,68612
WS-0309,Natalia Wiśniewski,natalia.wisniewski309@example.test,+48 814 446 971,Białystok,ul. Sosnowa 59/2,2025-04-25,Schody spiralne,Dąb,70351
WS-0310,JAKUB LEWANDOWSKI,,+48 814 454 890,Opole,ul. Kwiatowa 72/19,2021-11-09,Schody na policzkach,Buk,72090
WS-0311,Karolina Woźniak,karolina.wozniak311@example.test,+48 814 462 809,Poznań,ul. Nad Rzeką 85/36,2022-06-20,Schody dywanowe,Jesion + szkło,73829
WS-0312,Kamil Jankowska, kamil.jankowska312@example.test ,+48 814 470 728,Szczecin,ul. Klonowa 10/1,2023-01-04,Schody proste,Dąb,75568
WS-0313,Julia Piotrowski,julia.piotrowski313@example.test,+48 814 478 647,Kielce,ul. Spacerowa 23/18,2024-08-15,Schody zabiegowe,Buk,77307
WS-0314,Damian Michalski,damian.michalski314@example.test,+48 814 486 566,Wrocław,ul. Kamienna 36/35,2025-03-26,Schody dwubiegowe,Jesion + szkło,79046
WS-0315, OLIWIA JABŁOŃSKA ,oliwia.jablonska315@example.test,+48 814 494 485,Lublin,ul. Lipowa 49/52,2021-10-10,Schody spiralne,Dąb,80785
WS-0316,Rafał Maciejewska,rafal.maciejewska316@example.test,+48 814 502 404,Olsztyn,ul. Modrzewiowa 62/17,2022-05-21,Schody na policzkach,Buk,82524
WS-0317,Beata Nowak,beata.nowak317@example.test,+48 814 510 323,Kraków,ul. Jasna 75/34,2023-12-05,Schody dywanowe,Jesion + szkło,84263
WS-0318,Wojciech Kamińska,wojciech.kaminska318@example.test,+48 814 518 242,Łódź,ul. Polna 88/51,2024-07-16,schody proste,Dąb,86002
WS-0319,Elżbieta Szymański,ELZBIETA.SZYMANSKI319@EXAMPLE.TEST,,Toruń,ul. Parkowa 13/16,2025-02-27,Schody zabiegowe,Buk,87741
WS-0320,JAN KOZŁOWSKI,jan.kozlowski320@example.test,+48 814 534 080,Warszawa,UL. Dębowa 26/33,2021-09-11,Schody dwubiegowe,Jesion + szkło,89480
WS-0321,Katarzyna Krawczyk,katarzyna.krawczyk321@example.test,+48 814 541 999,Katowice,ul. Słoneczna 39/50,2022-04-22,Schody spiralne,Dąb,91219
WS-0322, Tomasz Pawlak ,tomasz.pawlak322@example.test,+48 814 549 918,Rzeszów,ul. Zaciszna 52/15,06.11.2023,Schody na policzkach,Buk,92958
WS-0323,Agnieszka Wieczorek,agnieszka.wieczorek323@example.test,0048 814-557-837,Bydgoszcz,ul. Leśna 65/32,17/06/2024,Schody dywanowe,Jesion + szkło,94697
WS-0324,Andrzej Kubiak,andrzej.kubiak324@example.test,814 565 756, GDAŃSK ,ul. Ogrodowa 78/49,2025-01-01,Schody proste,Dąb,96436
WS-0325,ALEKSANDRA KOWALSKI, aleksandra.kowalski325@example.test ,+48 814 573 675,Białystok,ul. Jesionowa 3/14,2021-08-12,Schody zabiegowe,Buk,98175
WS-0326,Michał Wójcik,michal.wojcik326@example.test,+48 814 581 594,Opole,ul. Brzozowa 16/31,2022-03-23,Schody dwubiegowe,Jesion + szkło,99914
WS-0327,Ewa Zielińska,ewa.zielinska327@example.test,+48 814 589 513,Poznań,ul. Wiosenna 29/48,2023-10-07,Schody spiralne,Dąb,101653
WS-0328,Adam Dąbrowska,adam.dabrowska328@example.test,+48 814 597 432,Szczecin,ul. Akacjowa 42 m. 13,2024-05-18,Schody na policzkach,Buk,103392
WS-0329, Natalia Mazur ,natalia.mazur329@example.test,+48 814 605 351,Kielce,ul. Sosnowa 55/30,2025-12-02,Schody dywanowe,Jesion + szkło,105 131 PLN
WS-0330,JAKUB GRABOWSKA,JAKUB.GRABOWSKA330@EXAMPLE.TEST,+48 814 613 270,wrocław,ul. Kwiatowa 68/47,2021-07-13,Schody proste,Dąb,106870
WS-0331,Karolina Król,karolina.krol331@example.test,+48 814 621 189,Lublin,ul. Nad Rzeką 81/12,2022-02-24,Schody zabiegowe,Buk,108609
WS-0332,Kamil Zając,kamil.zajac332@example.test,+48 814 629 108,Olsztyn,ul. Klonowa 6/29,2023-09-08,Schody dwubiegowe,Jesion + szkło,110348
WS-0333,Julia Sikora,julia.sikora333@example.test,+48 814 637 027,Kraków,ul. Spacerowa 19/46,2024/04/19,Schody spiralne,Dąb,112087
WS-0334,Damian Wiśniewski,damian.wisniewski334@example.test,+48 814 644 946,Łódź,ul. Kamienna 32/11,2025-11-03,Schody na policzkach,Buk,113826
WS-0335,OLIWIA LEWANDOWSKI,oliwia.lewandowski335@example.test,+48 814 652 865,Toruń,ul. Lipowa 45/28,2021-06-14,Schody dywanowe,Jesion + szkło,18565
WS-0336, Rafał Woźniak ,rafal.wozniak336@example.test,+48 814 660 784,Warszawa,ul. Modrzewiowa 58/45,2022-01-25,Schody proste,Dąb,20304
WS-0337,Beata Jankowska,beata.jankowska337@example.test,+48 814 668 703,Katowice,ul. Jasna 71/10,2023-08-09,Schody zabiegowe,Buk,22043
WS-0338,Wojciech Piotrowski, wojciech.piotrowski338@example.test ,+48 814 676 622,Rzeszów,ul. Polna 84/27,2024-03-20,Schody dwubiegowe,Jesion + szkło,23782
WS-0339,Elżbieta Michalski,elzbieta.michalski339@example.test,+48 814 684 541,Bydgoszcz,ul. Parkowa 9/44,2025-10-04,Schody spiralne,Dąb,25521
WS-0340,JAN JABŁOŃSKA,jan.jablonska340@example.test,0048 814-692-460,Gdańsk,ul. Dębowa 22/9,2021-05-15,Schody na policzkach,Buk,27260
WS-0341,Katarzyna Maciejewska,,+48 814 700 379,Białystok,ul. Słoneczna 35/26,2022-12-26,Schody dywanowe,Jesion + szkło,28999
WS-0342,Tomasz Nowak,tomasz.nowak342@example.test,814 708 298,Opole,ul. Zaciszna 48/43,10/07/2023,Schody proste,Dąb,30738
WS-0343, Agnieszka Kamińska ,agnieszka.kaminska343@example.test,+48 814 716 217,Poznań,ul. Leśna 61/8,2024-02-21,Schody zabiegowe,Buk,32477
WS-0344,Andrzej Szymański,andrzej.szymanski344@example.test,+48 814 724 136,Szczecin,ul. Ogrodowa 74/25,2025-09-05,Schody dwubiegowe,Jesion + szkło,34216
WS-0345,ALEKSANDRA KOZŁOWSKI,aleksandra.kozlowski345@example.test,+48 814 732 055,Kielce,ul. Jesionowa 87/42,16.04.2021,Schody spiralne,Dąb,35955
WS-0346,Michał Krawczyk,michal.krawczyk346@example.test,+48 814 739 974,Wrocław,ul. Brzozowa 12/7,2022-11-27,Schody na policzkach,Buk,37694
WS-0347,Ewa Pawlak,ewa.pawlak347@example.test,+48 814 747 893,Lublin,ul. Wiosenna 25/24,2023-06-11,Schody dywanowe,Jesion + szkło,39433
WS-0348,Adam Wieczorek,adam.wieczorek348@example.test,,Olsztyn,ul. Akacjowa 38/41,2024-01-22,Schody proste,Dąb,41172
WS-0349,Natalia Kubiak,natalia.kubiak349@example.test,+48 814 763 731,Kraków,ul. Sosnowa 51/6,2025-08-06,Schody zabiegowe,Buk,42911
WS-0350, JAKUB KOWALSKI ,jakub.kowalski350@example.test,+48 814 771 650,Łódź,ul. Kwiatowa 64/23,2021-03-17,Schody dwubiegowe,Jesion + szkło,44650
WS-0351,Karolina Wójcik, karolina.wojcik351@example.test ,+48 814 779 569, TORUŃ ,ul. Nad Rzeką 77/40,2022-10-01,Schody spiralne,Dąb,46389
WS-0352,Kamil Zielińska,KAMIL.ZIELINSKA352@EXAMPLE.TEST,+48 814 787 488,warszawa,UL. Klonowa 2/5,2023-05-12,Schody na policzkach,Buk,48128
WS-0353,Julia Dąbrowska,julia.dabrowska353@example.test,+48 814 795 407,Katowice,ul. Spacerowa 15/22,2024-12-23,Schody dywanowe,Jesion + szkło,49867
WS-0354,Damian Mazur,damian.mazur354@example.test,+48 814 803 326,Rzeszów,ul. Kamienna 28/39,2025-07-07,Schody proste,dąb,51606
WS-0355,OLIWIA GRABOWSKA,oliwia.grabowska355@example.test,+48 814 811 245,Bydgoszcz,ul. Lipowa 41/4,2021-02-18,Schody zabiegowe,Buk,53345
WS-0356,Rafał Król,rafal.krol356@example.test,+48 814 819 164,Gdańsk,ul. Modrzewiowa 54/21,2022-09-02,Schody dwubiegowe,Jesion + szkło,55084
WS-0357, Beata Zając ,beata.zajac357@example.test,0048 814-827-083,Białystok,ul. Jasna 67/38,2023-04-13,Schody spiralne,Dąb,56823
WS-0358,Wojciech Sikora,wojciech.sikora358@example.test,+48 814 835 002,Opole,ul. Polna 80/3,2024-11-24,Schody na policzkach,Buk,58562
WS-0359,Elżbieta Wiśniewski,elzbieta.wisniewski359@example.test,+48 814 842 921,Poznań,ul. Parkowa 5/20,2025-06-08,Schody dywanowe,Jesion + szkło,60301
WS-0360,JAN LEWANDOWSKI,jan.lewandowski360@example.test,814 850 840,Szczecin,ul. Dębowa 18/37,2021-01-19,Schody proste,Dąb,62040
WS-0361,Katarzyna Woźniak,katarzyna.wozniak361@example.test,+48 814 858 759,Kielce,ul. Słoneczna 31/2,03/08/2022,Schody zabiegowe,Buk,63779
WS-0362,Tomasz Jankowska,tomasz.jankowska362@example.test,+48 814 866 678,Wrocław,ul. Zaciszna 44/19,2023-03-14,Schody dwubiegowe,Jesion + szkło,65518
WS-0363,Agnieszka Piotrowski,AGNIESZKA.PIOTROWSKI363@EXAMPLE.TEST,+48 814 874 597,Lublin,ul. Leśna 57/36,2024-10-25,Schody spiralne,Dąb,67257
WS-0364, Andrzej Michalski , andrzej.michalski364@example.test ,+48 814 882 516,Olsztyn,ul. Ogrodowa 70/1,2025-05-09,Schody na policzkach,Buk,68996
WS-0365,ALEKSANDRA JABŁOŃSKA,aleksandra.jablonska365@example.test,+48 814 890 435,Kraków,ul. Jesionowa 83/18,2021-12-20,Schody dywanowe,Jesion + szkło,70735
WS-0366,Michał Maciejewska,michal.maciejewska366@example.test,+48 814 898 354,Łódź,ul. Brzozowa 8/35,2022-07-04,Schody proste,Dąb,72474
WS-0367,Ewa Nowak,ewa.nowak367@example.test,+48 814 906 273,Toruń,ul. Wiosenna 21/52,2023-02-15,Schody zabiegowe,Buk,74213
WS-0368,Adam Kamińska,adam.kaminska368@example.test,+48 814 914 192,Warszawa,ul. Akacjowa 34/17,26.09.2024,Schody dwubiegowe,Jesion + szkło,75952
WS-0369,Natalia Szymański,natalia.szymanski369@example.test,+48 814 922 111,Katowice,ul. Sosnowa 47 m. 34,2025-04-10,Schody spiralne,Dąb,77691
WS-0370,JAKUB KOZŁOWSKI,jakub.kozlowski370@example.test,+48 814 930 030,Rzeszów,ul. Kwiatowa 60/51,2021/11/21,Schody na policzkach,Buk,79430
WS-0371, Karolina Krawczyk ,karolina.krawczyk371@example.test,+48 814 937 949,Bydgoszcz,ul. Nad Rzeką 73/16,2022-06-05,schody dywanowe,Jesion + szkło,81169
WS-0372,Kamil Pawlak,,+48 814 945 868,Gdańsk,ul. Klonowa 86/33,2023-01-16,Schody proste,Dąb,82908
WS-0373,Julia Wieczorek,julia.wieczorek373@example.test,+48 814 953 787,Białystok,ul. Spacerowa 11/50,2024-08-27,Schody zabiegowe,Buk,84647
WS-0374,Damian Kubiak,DAMIAN.KUBIAK374@EXAMPLE.TEST,0048 814-961-706,opole,ul. Kamienna 24/15,2025-03-11,Schody dwubiegowe,Jesion + szkło,86386
WS-0375,OLIWIA KOWALSKI,oliwia.kowalski375@example.test,+48 814 969 625,Poznań,ul. Lipowa 37/32,2021-10-22,Schody spiralne,Dąb,88125
WS-0376,Rafał Wójcik,rafal.wojcik376@example.test,+48 814 977 544,Szczecin,ul. Modrzewiowa 50/49,2022-05-06,Schody na policzkach,Buk,89 864 PLN
WS-0377,Beata Zielińska, beata.zielinska377@example.test ,,Kielce,ul. Jasna 63/14,2023-12-17,Schody dywanowe,Jesion + szkło,91603
WS-0378, Wojciech Dąbrowska ,wojciech.dabrowska378@example.test,814 993 382, WROCŁAW ,ul. Polna 76/31,2024-07-01,Schody proste,Dąb,93342
WS-0379,Elżbieta Mazur,elzbieta.mazur379@example.test,+48 815 001 301,Lublin,ul. Parkowa 89/48,2025-02-12,Schody zabiegowe,Buk,95081
WS-0380,JAN GRABOWSKA,jan.grabowska380@example.test,+48 815 009 220,Olsztyn,ul. Dębowa 14/13,23/09/2021,Schody dwubiegowe,Jesion + szkło,96820
WS-0381,Katarzyna Król,katarzyna.krol381@example.test,+48 815 017 139,Kraków,ul. Słoneczna 27/30,2022-04-07,Schody spiralne,Dąb,98559
WS-0382,Tomasz Zając,tomasz.zajac382@example.test,+48 815 025 058,Łódź,ul. Zaciszna 40/47,2023-11-18,Schody na policzkach,Buk,100298
WS-0383,Agnieszka Sikora,agnieszka.sikora383@example.test,+48 815 032 977,Toruń,ul. Leśna 53/12,2024-06-02,Schody dywanowe,Jesion + szkło,102037
WS-0384,Andrzej Wiśniewski,andrzej.wisniewski384@example.test,+48 815 040 896,Warszawa,UL. Ogrodowa 66/29,2025-01-13,Schody proste,Dąb,103776
WS-0385, ALEKSANDRA LEWANDOWSKI ,ALEKSANDRA.LEWANDOWSKI385@EXAMPLE.TEST,+48 815 048 815,Katowice,ul. Jesionowa 79/46,2021-08-24,Schody zabiegowe,Buk,105515
WS-0386,Michał Woźniak,michal.wozniak386@example.test,+48 815 056 734,Rzeszów,ul. Brzozowa 4/11,2022-03-08,Schody dwubiegowe,Jesion + szkło,107254
WS-0387,Ewa Jankowska,ewa.jankowska387@example.test,+48 815 064 653,Bydgoszcz,ul. Wiosenna 17/28,2023-10-19,Schody spiralne,Dąb,108993
WS-0388,Adam Piotrowski,adam.piotrowski388@example.test,+48 815 072 572,Gdańsk,ul. Akacjowa 30/45,2024-05-03,Schody na policzkach,Buk,110732
WS-0389,Natalia Michalski,natalia.michalski389@example.test,+48 815 080 491,Białystok,ul. Sosnowa 43/10,2025-12-14,Schody dywanowe,Jesion + szkło,112471
WS-0390,JAKUB JABŁOŃSKA, jakub.jablonska390@example.test ,+48 815 088 410,Opole,ul. Kwiatowa 56/27,2021-07-25,Schody proste,Dąb,114210
WS-0391,Karolina Maciejewska,karolina.maciejewska391@example.test,0048 815-096-329,Poznań,ul. Nad Rzeką 69/44,09.02.2022,Schody zabiegowe,Buk,18949
WS-0392, Kamil Nowak ,kamil.nowak392@example.test,+48 815 104 248,Szczecin,ul. Klonowa 82/9,2023-09-20,Schody dwubiegowe,Jesion + szkło,20688
WS-0393,Julia Kamińska,julia.kaminska393@example.test,+48 815 112 167,Kielce,ul. Spacerowa 7/26,2024-04-04,Schody spiralne,Dąb,22427
WS-0394,Damian Szymański,damian.szymanski394@example.test,+48 815 120 086,Wrocław,ul. Kamienna 20/43,2025-11-15,Schody na policzkach,Buk,24166
WS-0395,OLIWIA KOZŁOWSKI,oliwia.kozlowski395@example.test,+48 815 128 005,Lublin,ul. Lipowa 33/8,2021-06-26,Schody dywanowe,Jesion + szkło,25905
WS-0396,Rafał Krawczyk,RAFAL.KRAWCZYK396@EXAMPLE.TEST,815 135 924,olsztyn,ul. Modrzewiowa 46/25,2022-01-10,Schody proste,Dąb,27644
WS-0397,Beata Pawlak,beata.pawlak397@example.test,+48 815 143 843,Kraków,ul. Jasna 59/42,2023-08-21,Schody zabiegowe,Buk,29383
WS-0398,Wojciech Wieczorek,wojciech.wieczorek398@example.test,+48 815 151 762,Łódź,ul. Polna 72/7,2024-03-05,Schody dwubiegowe,Jesion + szkło,31122
WS-0399, Elżbieta Kubiak ,elzbieta.kubiak399@example.test,+48 815 159 681,Toruń,ul. Parkowa 85/24,16/10/2025,Schody spiralne,Dąb,32861
WS-0400,JAN KOWALSKI,jan.kowalski400@example.test,+48 915 167 600,Warszawa,ul. Dębowa 10/41,2021-05-27,Schody na policzkach,Buk,34600
WS-0401,Katarzyna Wójcik,katarzyna.wojcik401@example.test,+48 915 175 519,Katowice,ul. Słoneczna 23/6,2022-12-11,Schody dywanowe,Jesion + szkło,36339
WS-0402,Tomasz Zielińska,tomasz.zielinska402@example.test,+48 915 183 438,Rzeszów,ul. Zaciszna 36/23,2023-07-22,Schody proste,Dąb,38078
WS-0403,Agnieszka Dąbrowska,,+48 915 191 357,Bydgoszcz,ul. Leśna 49/40,2024-02-06,Schody zabiegowe,Buk,39817
WS-0404,Andrzej Mazur,andrzej.mazur404@example.test,+48 915 199 276,Gdańsk,ul. Ogrodowa 62/5,2025-09-17,Schody dwubiegowe,Jesion + szkło,41556
WS-0405,ALEKSANDRA GRABOWSKA,aleksandra.grabowska405@example.test,+48 915 207 195, BIAŁYSTOK ,ul. Jesionowa 75/22,2021-04-01,Schody spiralne,Dąb,43295
WS-0406, Michał Król ,michal.krol406@example.test,,Opole,ul. Brzozowa 88/39,2022-11-12,Schody na policzkach,Buk,45034
WS-0407,Ewa Zając,EWA.ZAJAC407@EXAMPLE.TEST,+48 915 223 033,Poznań,ul. Wiosenna 13/4,2023/06/23,Schody dywanowe,Jesion + szkło,46773
WS-0408,Adam Sikora,adam.sikora408@example.test,0048 915-230-952,Szczecin,ul. Akacjowa 26/21,2024-01-07,Schody proste,Dąb,48512
WS-0409,Natalia Wiśniewski,natalia.wisniewski409@example.test,+48 915 238 871,Kielce,ul. Sosnowa 39/38,2025-08-18,Schody zabiegowe,Buk,50251
WS-0410,JAKUB LEWANDOWSKI,jakub.lewandowski410@example.test,+48 915 246 790,Wrocław,ul. Kwiatowa 52 m. 3,2021-03-02,Schody dwubiegowe,Jesion + szkło,51990
WS-0411,Karolina Woźniak,karolina.wozniak411@example.test,+48 915 254 709,Lublin,ul. Nad Rzeką 65/20,2022-10-13,Schody spiralne,Dąb,53729
WS-0412,Kamil Jankowska,kamil.jankowska412@example.test,+48 915 262 628,Olsztyn,ul. Klonowa 78/37,2023-05-24,Schody na policzkach,Buk,55468
WS-0413, Julia Piotrowski ,julia.piotrowski413@example.test,+48 915 270 547,Kraków,ul. Spacerowa 3/2,2024-12-08,Schody dywanowe,jesion + szkło,57207
WS-0414,Damian Michalski,damian.michalski414@example.test,915 278 466,Łódź,ul. Kamienna 16/19,19.07.2025,Schody proste,Dąb,58946
WS-0415,OLIWIA JABŁOŃSKA,oliwia.jablonska415@example.test,+48 915 286 385,Toruń,ul. Lipowa 29/36,2021-02-03,Schody zabiegowe,Buk,60685
WS-0416,Rafał Maciejewska, rafal.maciejewska416@example.test ,+48 915 294 304,Warszawa,UL. Modrzewiowa 42/1,2022-09-14,Schody dwubiegowe,Jesion + szkło,62424
WS-0417,Beata Nowak,beata.nowak417@example.test,+48 915 302 223,Katowice,ul. Jasna 55/18,2023-04-25,Schody spiralne,Dąb,64163
WS-0418,Wojciech Kamińska,WOJCIECH.KAMINSKA418@EXAMPLE.TEST,+48 915 310 142,rzeszów,ul. Polna 68/35,09/11/2024,Schody na policzkach,Buk,65902
WS-0419,Elżbieta Szymański,elzbieta.szymanski419@example.test,+48 915 318 061,Bydgoszcz,ul. Parkowa 81/52,2025-06-20,Schody dywanowe,Jesion + szkło,67641
WS-0420, JAN KOZŁOWSKI ,jan.kozlowski420@example.test,+48 915 325 980,Gdańsk,ul. Dębowa 6/17,2021-01-04,Schody proste,Dąb,69380
WS-0421,Katarzyna Krawczyk,katarzyna.krawczyk421@example.test,+48 915 333 899,Białystok,ul. Słoneczna 19/34,2022-08-15,Schody zabiegowe,Buk,71119
WS-0422,Tomasz Pawlak,tomasz.pawlak422@example.test,+48 915 341 818,Opole,ul. Zaciszna 32/51,2023-03-26,Schody dwubiegowe,Jesion + szkło,72858
WS-0423,Agnieszka Wieczorek,agnieszka.wieczorek423@example.test,+48 915 349 737,Poznań,ul. Leśna 45/16,2024-10-10,Schody spiralne,Dąb,74 597 PLN
WS-0424,Andrzej Kubiak,andrzej.kubiak424@example.test,+48 915 357 656,Szczecin,ul. Ogrodowa 58/33,2025-05-21,schody na policzkach,Buk,76336
WS-0425,ALEKSANDRA KOWALSKI,aleksandra.kowalski425@example.test,0048 915-365-575,Kielce,ul. Jesionowa 71/50,2021-12-05,Schody dywanowe,Jesion + szkło,78075
WS-0426,Michał Wójcik,michal.wojcik426@example.test,+48 915 373 494,Wrocław,ul. Brzozowa 84/15,2022-07-16,Schody proste,Dąb,79814
WS-0427, Ewa Zielińska ,ewa.zielinska427@example.test,+48 915 381 413,Lublin,ul. Wiosenna 9/32,2023-02-27,Schody zabiegowe,Buk,81553
WS-0428,Adam Dąbrowska,adam.dabrowska428@example.test,+48 915 389 332,Olsztyn,ul. Akacjowa 22/49,2024-09-11,Schody dwubiegowe,Jesion + szkło,83292
WS-0429,Natalia Mazur, NATALIA.MAZUR429@EXAMPLE.TEST ,+48 915 397 251,Kraków,ul. Sosnowa 35/14,2025-04-22,Schody spiralne,Dąb,85031
WS-0430,JAKUB GRABOWSKA,jakub.grabowska430@example.test,+48 915 405 170,Lodz,ul. Kwiatowa 48/31,2021-11-06,Schody na policzkach,Buk,86770
WS-0431,Karolina Król,karolina.krol431@example.test,+48 915 413 089,Toruń,ul. Nad Rzeką 61/48,2022-06-17,Schody dywanowe,Jesion + szkło,88509
WS-0432,Kamil Zając,kamil.zajac432@example.test,915 421 008, WARSZAWA ,ul. Klonowa 74/13,2023-01-01,Schody proste,Dąb,90248
WS-0433,Julia Sikora,julia.sikora433@example.test,+48 915 428 927,Katowice,ul. Spacerowa 87/30,2024-08-12,Schody zabiegowe,Buk,91987
WS-0434, Damian Wiśniewski ,,+48 915 436 846,Rzeszów,ul. Kamienna 12/47,2025-03-23,Schody dwubiegowe,Jesion + szkło,93726
WS-0435,OLIWIA LEWANDOWSKI,oliwia.lewandowski435@example.test,,Bydgoszcz,ul. Lipowa 25/12,2021-10-07,Schody spiralne,Dąb,95465
WS-0436,Rafał Woźniak,rafal.wozniak436@example.test,+48 915 452 684,Gdańsk,ul. Modrzewiowa 38/29,2022-05-18,Schody na policzkach,Buk,97204
WS-0437,Beata Jankowska,beata.jankowska437@example.test,+48 915 460 603,Białystok,ul. Jasna 51/46,02/12/2023,Schody dywanowe,Jesion + szkło,98943
WS-0438,Wojciech Piotrowski,wojciech.piotrowski438@example.test,+48 915 468 522,Opole,ul. Polna 64/11,2024-07-13,Schody proste,Dąb,100682
WS-0439,Elżbieta Michalski,elzbieta.michalski439@example.test,+48 915 476 441,Poznań,ul. Parkowa 77/28,2025-02-24,Schody zabiegowe,Buk,102421
WS-0440,JAN JABŁOŃSKA,JAN.JABLONSKA440@EXAMPLE.TEST,+48 915 484 360,szczecin,ul. Dębowa 2/45,2021-09-08,Schody dwubiegowe,Jesion + szkło,104160
WS-0441, Katarzyna Maciejewska ,katarzyna.maciejewska441@example.test,+48 915 492 279,Kielce,ul. Słoneczna 15/10,2022-04-19,Schody spiralne,Dąb,105899
WS-0442,Tomasz Nowak, tomasz.nowak442@example.test ,0048 915-500-198,Wrocław,ul. Zaciszna 28/27,2023-11-03,Schody na policzkach,Buk,107638
WS-0443,Agnieszka Kamińska,agnieszka.kaminska443@example.test,+48 915 508 117,Lublin,ul. Leśna 41/44,2024-06-14,Schody dywanowe,Jesion + szkło,109377
WS-0444,Andrzej Szymański,andrzej.szymanski444@example.test,+48 915 516 036,Olsztyn,ul. Ogrodowa 54/9,2025/01/25,Schody proste,Dąb,111116
WS-0445,ALEKSANDRA KOZŁOWSKI,aleksandra.kozlowski445@example.test,+48 915 523 955,Kraków,ul. Jesionowa 67/26,2021-08-09,Schody zabiegowe,Buk,112855
WS-0446,Michał Krawczyk,michal.krawczyk446@example.test,+48 915 531 874,Łódź,ul. Brzozowa 80/43,2022-03-20,Schody dwubiegowe,Jesion + szkło,114594
WS-0447,Ewa Pawlak,ewa.pawlak447@example.test,+48 915 539 793,Toruń,ul. Wiosenna 5/8,2023-10-04,Schody spiralne,Dąb,19333
WS-0448, Adam Wieczorek ,adam.wieczorek448@example.test,+48 915 547 712,Warszawa,UL. Akacjowa 18/25,2024-05-15,Schody na policzkach,Buk,21072
WS-0449,Natalia Kubiak,natalia.kubiak449@example.test,+48 915 555 631,Katowice,ul. Sosnowa 31/42,2025-12-26,Schody dywanowe,Jesion + szkło,22811
WS-0450,JAKUB KOWALSKI,jakub.kowalski450@example.test,915 563 550,Rzeszów,ul. Kwiatowa 44/7,2021-07-10,Schody proste,Dąb,24550
LEG-001,Andrzej Mazur,,,Gdańsk,ul. Ogrodowa 54/17,2025-05-18,Schody na policzkach,Buk,24956
LEG-002, Kamil Jankowska ,KAMIL.JANKOWSKA12@EXAMPLE.TEST,+48 512 095 028,Olsztyn,ul. Klonowa 70/49,2023-01-25,Schody proste,Dąb,38868
LEG-003,JAN KOZŁOWSKI,jan.kozlowski20@example.test,533 000 274,Gdańsk,ul. Dębowa 86/29,2021-09-05,Schody dwubiegowe,Jesion + szkło,52780
LEG-004,Adam Dąbrovska,adam.dabrowska28@example.test,+48 512 221 732,Olsztyn,ul. Akacjowa 14/9,2024-05-12,Schody na policzkach,Buk,66692
LEG-005,Rafał Woźniak, rafal.wozniak36@example.test ,512 285 084,Gdańsk,ulica Modrzewiowa 30/41,2022-01-19,Schody proste,Dąb,80604
LEG-006,Andrzej Szymńsk,ANDRZEJ.SZYMANSKI44@EXAMPLE.TEST,+48 512 348 436,olsztyn,ul. Ogrodowa 46/21,2025-09-26,Schody dwubiegowe,Jesion + szkło,94516
LEG-007, Kamil Zielińska ,KAMIL.ZIELINSKA52@EXAMPLE.TEST,+48 512 411 788,Gdańsk,ul. Klonowa 62/1,2023-05-06,Schody na policzkach,Buk,108428
LEG-008,JAN LEWANDOWSKI,jan.lewandowski60@example.test,533 000 959,Olsztyn,ul. Dębowa 78/33,2021-01-13,Schody proste,Dąb,25340
LEG-009,Adam Kamińska,adam.kaminska68@example.test,0048 512-538-492,Gdańsk,ul. Akacjowa 6/13,2024-09-20,Schody dwubiegowe,Jesion + szkło,39252
LEG-010,Rafał Wójcik, rafal.wojcik76@example.test ,,Olsztyn,ulica Modrzewiowa 22/45,27/05/2022,Schody na policzkach,Buk,53164
LEG-011, Andrzej Wśniewski ,andrzej.wisniewski84@example.test,+48 512 665 196,Gdańsk,ul. Ogrodowa 38/25,2025-01-07,Schody proste,Dąb,67076
LEG-012, Kamil Nowak ,,+48 512 728 548,Olsztyn,ul. Klonowa 54/5,14.09.2023,Schody dwubiegowe,Jesion + szkło,80988
LEG-013,JAN KOWALSKI,jan.kowalski100@example.test,533 001 644,Gdańsk,ul. Dębowa 70/37,2021-05-21,Schody na policzkach,Buk,94900
LEG-014,Adam Sikora,adam.sikora108@example.test,612 855 252, OLSZTYN ,ul. Akacjowa 86/17,2024-01-01,Schody proste,Dąb,108812
LEG-015,Rafał Maciejewska, rafal.maciejewska116@example.test ,,Gdańsk,ulica Modrzewiowa 14/49,2022-09-08,Schody dwubiegowe,Jesion + szkło,25724
LEG-016,Andrzej Kubiak,,+48 612 981 956,Olsztyn,ul. Ogrodowa 30/29,2025-05-15,Schody na policzkach,Buk,39636
LEG-017, Kamil Zając ,KAMIL.ZAJAC132@EXAMPLE.TEST,+48 613 045 308,gdańsk,ul. Klonowa 46/9,2023-01-22,Schody proste,Dąb,53548
LEG-018,JAN JABŁOŃSKA,jan.jablonska140@example.test,533 002 329,Olsztyn,ul. Dębowa 62/41,2021-09-02,Schody dwubiegowe,Jesion + szkło,67460
LEG-019,Adam Wieczorek,adam.wieczorek148@example.test,,Gdańsk,ul. Akacjowa 78/21,2024/05/09,Schody na policzkach,Buk,81372
LEG-020,Rafał Król, rafal.krol156@example.test ,+48 613 235 364,Olsztyn,ulica Modrzewiowa 6/1,2022-01-16,Schody proste,Dąb,95284
LEG-021,Andrzej Michalsk,andrzej.michalski164@example.test,+48 613 298 716,Gdańsk,ul. Ogrodowa 22 m. 33,2025-09-23,Schody dwubiegowe,Jesion + szkło,109196
LEG-022, Kamil Pawlak ,KAMIL.PAWLAK172@EXAMPLE.TEST,+48 613 362 068,Olsztyn,ul. Klonowa 38/13,2023-05-03,Schody na policzkach,Buk,26108
LEG-023,JAN GRABOWSKA,,533 003 014,Gdańsk,ul. Dębowa 54/45,2021-01-10,Schody proste,Dąb,40020
LEG-024,Adam Piotrovski,adam.piotrowski188@example.test,+48 613 488 772,Olsztyn,ul. Akacjowa 70/25,2024-09-17,Schody dwubiegowe,Jesion + szkło,53 932 PLN
LEG-025,Rafał Krawczyk, rafal.krawczyk196@example.test ,+48 613 552 124,Gdańsk,ulica Modrzewiowa 86/5,2022-05-24,Schody na policzkach,Buk,67844
LEG-026,Andrzej Mazur,andrzej.mazur204@example.test,0048 713-615-476,Olsztyn,ul. Ogrodowa 14/37,2025-01-04,Schody proste,Dąb,81756
LEG-027, Kamil Jankowska ,KAMIL.JANKOWSKA212@EXAMPLE.TEST,+48 713 678 828,Gdańsk,ul. Klonowa 30/17,2023-09-11,schody dwubiegowe,Jesion + szkło,95668
LEG-028,JAN KOZŁOWSKI,JAN.KOZLOWSKI220@EXAMPLE.TEST,,olsztyn,ul. Dębowa 46/49,2021-05-18,Schody na policzkach,Buk,109580
LEG-029,Adam Dąbrovska,adam.dabrowska228@example.test,+48 713 805 532,Gdańsk,ul. Akacjowa 62/29,25/01/2024,Schody proste,Dąb,26492
LEG-030,Rafał Woźniak, rafal.wozniak236@example.test ,+48 713 868 884,Olsztyn,ulica Modrzewiowa 78/9,2022-09-05,Schody dwubiegowe,jesion + szkło,40404
LEG-031,Andrzej Szymńsk,andrzej.szymanski244@example.test,+48 713 932 236,Gdańsk,ul. Ogrodowa 6/41,2025-05-12,Schody na policzkach,Buk,54316
LEG-032, Kamil Zielińska ,KAMIL.ZIELINSKA252@EXAMPLE.TEST,713 995 588,Olsztyn,ul. Klonowa 22/21,2023-01-19,Schody proste,Dąb,68228
LEG-033,JAN LEWANDOWSKI, jan.lewandowski260@example.test ,533 004 384,Gdańsk,ul. Dębowa 38/1,2021-09-26,Schody dwubiegowe,Jesion + szkło,82140
LEG-034,Adam Kamińska,,+48 714 122 292,Olsztyn,ul. Akacjowa 54/33,2024-05-06,Schody na policzkach,Buk,96052
LEG-035,Rafał Wójcik, rafal.wojcik276@example.test ,+48 714 185 644,Gdańsk,ulica Modrzewiowa 70/13,13.01.2022,Schody proste,Dąb,109964
LEG-036,Andrzej Wśniewski,andrzej.wisniewski284@example.test,+48 714 248 996,Olsztyn,ul. Ogrodowa 86/45,2025-09-20,Schody dwubiegowe,Jesion + szkło,26876
LEG-037, Kamil Nowak ,KAMIL.NOWAK292@EXAMPLE.TEST,,Gdańsk,ul. Klonowa 14/25,2023-05-27,Schody na policzkach,Buk,40788
LEG-038,JAN KOWALSKI,jan.kowalski300@example.test,533 005 069,Olsztyn,ul. Dębowa 30/5,2021-01-07,Schody proste,Dąb,54700
LEG-039,Adam Sikora,ADAM.SIKORA308@EXAMPLE.TEST,+48 814 439 052,gdańsk,ul. Akacjowa 46/37,2024-09-14,Schody dwubiegowe,Jesion + szkło,68612
LEG-040,Rafał Maciejewska, rafal.maciejewska316@example.test ,+48 814 502 404,Olsztyn,ulica Modrzewiowa 62/17,2022-05-21,Schody na policzkach,Buk,82524
LEG-041,Andrzej Kubiak,andrzej.kubiak324@example.test,814 565 756, GDAŃSK ,ul. Ogrodowa 78/49,2025-01-01,Schody proste,Dąb,96436
LEG-042, Kamil Zając ,KAMIL.ZAJAC332@EXAMPLE.TEST,+48 814 629 108,Olsztyn,ul. Klonowa 6/29,2023-09-08,Schody dwubiegowe,Jesion + szkło,110348
LEG-043,JAN JABŁOŃSKA,jan.jablonska340@example.test,533 005 754,Gdańsk,ul. Dębowa 22/9,2021-05-15,Schody na policzkach,Buk,27260
LEG-044,Adam Wieczorek,adam.wieczorek348@example.test,544-006-407,Olsztyn,ul. Akacjowa 38/41,2024-01-22,Schody proste,Dąb,41172
LEG-045,Rafał Król,,+48 814 819 164,Gdańsk,ulica Modrzewiowa 54/21,2022-09-02,Schody dwubiegowe,Jesion + szkło,55084
LEG-046, Andrzej Michalsk , andrzej.michalski364@example.test ,,Olsztyn,ul. Ogrodowa 70/1,2025-05-09,Schody na policzkach,Buk,68996
LEG-047, Kamil Pawlak ,kamil.pawlak@example.test,+48 814 945 868,Gdańsk,ul. Klonowa 86/33,2023-01-16,Schody proste,Dąb,82908
LEG-048,JAN GRABOWSKA,jan.grabowska380@example.test,533 006 439,Olsztyn,ul. Dębowa 14/13,23/09/2021,Schody dwubiegowe,Jesion + szkło,96820
LEG-049,Adam Piotrovski,adam.piotrowski388@example.test,+48 815 072 572,Gdańsk,ul. Akacjowa 30/45,2024-05-03,Schody na policzkach,Buk,110732
LEG-050,Rafał Krawczyk, RAFAL.KRAWCZYK396@EXAMPLE.TEST ,815 135 924,olsztyn,ulica Modrzewiowa 46/25,2022-01-10,Schody proste,Dąb,27644

